import_type,topic_number,topic_name,question_number,position,statement,option_a,option_b,option_c,option_d,correct_option,source_name
TOPIC,1,Tema 1,1,1,"De las siguientes partes, cuál abre el texto de la Constitución Española de 1978:",El Título Preliminar.,El Título I.,El Preámbulo.,El artículo 1.,C,Preguntas de Examenes Agente - Tema 1
TOPIC,1,Tema 1,2,2,"En relación con la reforma constitucional, según el artículo 167 de la Constitución Española, los proyectos de reforma constitucional deberán ser aprobados por una mayoría de:","Tres cuartos de ambas Cámaras. Si no hubiera acuerdo, se intentará obtenerlo mediante la creación de una Comisión de composición paritaria de Diputados y Senadores, que presentará un texto que será votado por el Congreso.","Tres cuartos de cada una de las Cámaras. Si no hubiera acuerdo entre ambas, se intentará obtenerlo mediante la creación de una Comisión de composición paritaria de Diputados y Senadores, que presentará un texto que será votado por el Congreso.","Tres quintos de cada una de las Cámaras. Si no hubiera acuerdo entre ambas, se intentará obtenerlo mediante la creación de una Comisión de composición paritaria de Diputados y Senadores, que presentará un texto que será votado por el Congreso y el Senado.","Tres cuartos de ambas Cámaras. Si no hubiera acuerdo, se intentará obtenerlo mediante la creación de una Comisión de composición paritaria, que presentará un texto que será votado por el Congreso debiendo obtener una mayoría de tres quintos.",C,Preguntas de Examenes Agente - Tema 1
TOPIC,1,Tema 1,3,3,La Constitución señala que España se constituye en:,Un estado social y de derecho.,Un estado democrático y de derecho.,Un Estado monárquico y democrático de derecho.,Un Estado social y democrático de derecho.,D,Preguntas de Examenes Agente - Tema 1
TOPIC,1,Tema 1,4,4,"La reforma de la Constitución Española, efectuada el 27 de agosto de 1992, afectó a su artículo:",13.1.,12.3.,13.2.,14.3.,C,Preguntas de Examenes Agente - Tema 1
TOPIC,1,Tema 1,5,5,El Título de la Constitución que trata de la reforma constitucional es el:,Primero.,Décimo.,Noveno.,Undécimo.,B,Preguntas de Examenes Agente - Tema 1
TOPIC,1,Tema 1,6,6,De conformidad con la vigente Constitución Española cualquier reforma constitucional requiere:,Ratificación mediante referéndum.,Disolución de las Cortes.,Convocatoria de nuevas elecciones.,Ninguna de las respuestas es correcta.,D,Preguntas de Examenes Agente - Tema 1
TOPIC,1,Tema 1,7,7,"La irretroactividad de las disposiciones sancionadoras no favorables o restrictivas de derechos individuales, se contiene en la Constitución Española:",En el artículo 8.1.,En el artículo 9.3.,En el artículo 9.1.,En el artículo 10.,B,Preguntas de Examenes Agente - Tema 1
TOPIC,1,Tema 1,8,8,"Siguiendo la tradición constitucional europea, una de las características formales de la Constitución Española de 1978 es:",Estar escrita y codificada en un texto único.,Ser de origen popular.,Ser rígida.,Todas las expuestas son características formales de nuestra Constitución.,D,Preguntas de Examenes Agente - Tema 1
TOPIC,1,Tema 1,9,9,Cuántas reformas ha sufrido la Constitución Española de 1978:,Una.,Dos.,Tres.,Cuatro.,D,Preguntas de Examenes Agente - Tema 1
TOPIC,1,Tema 1,10,10,El Título X de la Constitución Española hace referencia a:,De las relaciones entre el Gobierno y las Cortes Generales: Artículos 108-116.,Del Tribunal Constitucional: Artículos 159-165.,De la reforma constitucional: Artículos 166-169.,Del Poder Judicial: Artículos 117-127.,C,Preguntas de Examenes Agente - Tema 1
TOPIC,1,Tema 1,11,11,La Constitución española de 1978 consta de:,259 artículos.,159 artículos.,169 artículos.,69 artículos.,C,Preguntas de Examenes Agente - Tema 1
TOPIC,1,Tema 1,12,12,Las Asambleas de las Comunidades Autónomas podrán solicitar la reforma de la Constitución mediante:,Un proyecto de ley remitido a las Cortes.,Una proposición de ley remitida a las Cortes Generales.,La solicitud al Gobierno de la adopción de un proyecto de ley o remitiendo a la Mesa del Congreso una proposición de ley.,Un proyecto de ley remitido al Senado.,C,Preguntas de Examenes Agente - Tema 1
TOPIC,1,Tema 1,13,13,"La Nación española, deseando establecer la justicia, la libertad y la seguridad y promover el bien de cuantos la integran, en uso de su soberanía, proclama su voluntad de:","Garantizar la convivencia democrática dentro de la Constitución y de las leyes conforme a un orden económico y social justo.Consolidar un Estado de Derecho que asegure el imperio de la ley como expresión de la voluntad Nacional. Proteger a todos los españoles y pueblos de España en el ejercicio de los derechos constitucionales. sus culturas y tradiciones, lenguas e instituciones Promover el progreso de la cultura y de la economía para asegurar a todos una digna calidad de vida. Establecer una sociedad democrática avanzada, y colaborar en el fortalecimiento de unas relaciones pacíficas y de eficaz cooperación entre todos los pueblos de la Tierra. En consecuencia, las Cortes aprueban y el pueblo español ratifica la siguiente Constitución.","Garantizar la convivencia democrática dentro de la Constitución y de las leyes conforme a un orden económico y social justo Consolidar un Estado de Derecho que asegure el imperio de la ley como expresión de la voluntad popular. Proteger a todos los españoles y pueblos de España en el ejercicio de los derechos humanos, sus culturas y tradiciones, lenguas e instituciones Promover el progreso de la cultura y de la economía para asegurar a todos una digna calidad de vida. Establecer una sociedad democrática avanzada, y colaborar en el fortalecimiento de unas relaciones pacíficas y de eficaz cooperación entre todos los pueblos de la Tierra. En consecuencia, las Cortes aprueban y el pueblo español ratifica la siguiente Constitución.","Garantizar la convivencia democrática dentro de la Constitución y de las leyes conforme a un orden económico y social de derecho Consolidar un Estado de Derecho que asegure el imperio de la ley como expresión de la voluntad Nacional. Proteger a todos los españoles y pueblos de España en el ejercicio de los derechos humanos, sus culturas y tradiciones, lenguas e instituciones Promover el progreso de la cultura, la educación, y de la economía para asegurar a todos una digna calidad de vida. Establecer una sociedad democrática avanzada, y colaborar en el fortalecimiento de unas relaciones pacíficas y de eficaz cooperación entre todos los pueblos de la Tierra En consecuencia, las Cortes aprueban y el pueblo español ratifica la siguiente Constitución.","Garantizar la convivencia democrática dentro de la Constitución conforme a un orden económico y social de derecho.Consolidar un Estado de Derecho que asegure el imperio de la ley como expresión de la voluntad Nacional. Proteger a todos los pueblos de España en el ejercicio de los derechos humanos, sus culturas y tradiciones, lenguas e instituciones.Promover el progreso de la cultura y de la economía para asegurar a todos una digna calidad de vida. Establecer una sociedad democrática avanzada, y colaborar en el fortalecimiento de unas relaciones pacíficas y de eficaz cooperación entre todos los pueblos de la Tierra. En consecuencia, las Cortes aprueban y el pueblo español ratifica la siguiente Constitución.",B,Preguntas de Examenes Agente - Tema 1
TOPIC,1,Tema 1,14,14,La reforma del Título II de la Constitución o de parte del mismo:,Deberá ser propuesta por el Rey como titular de la Corona.,Deberá tramitarse por el procedimiento previsto en el artículo 168 de la Constitución.,Deberá ser propuesta y aprobada por el Congreso de los Diputados y el Senado en sesión conjunta de ambas Cámaras.,Ninguna de las anteriores respuestas es correcta.,B,Preguntas de Examenes Agente - Tema 1
TOPIC,1,Tema 1,15,15,"Cuántos Títulos tiene la Constitución Española, sin contar el Título Preliminar:",10.,11.,12.,Ninguna respuesta es cierta.,A,Preguntas de Examenes Agente - Tema 1
TOPIC,1,Tema 1,16,16,Cuál de las siguientes afirmaciones no se contiene en el artículo 9 de la CE:,Todas las personas tienen derecho a obtener la tutela efectiva de los jueces y Tribunales en el ejercicio de sus derechos e intereses legítimos.,La constitución garantiza el principio de legalidad y la jerarquía normativa.,La constitución garantiza la publicidad de las normas y la irretroactividad de las disposiciones sancionadoras no favorables o restrictivas de derechos.,Los ciudadanos y los poderes públicos están sujetos a la constitución y al resto del ordenamiento jurídico.,A,Preguntas de Examenes Agente - Tema 1
TOPIC,1,Tema 1,17,17,"Señala la respuesta correcta. La constitución española de 1978 fue elaborada por el poder constituyente que ante la situación política de la época diseñó una constitución rígida en cuanto a su posible reforma. No obstante su carácter rígido, la Carta Magna ha sido objeto de distintas reformas:",Desde la entrada en vigor de la Constitución Española de 1978 ésta se ha reformado en tres ocasiones: la primera de ellas consiste en la reforma del artículo 104.1 en mayo de 1986 para permitir la entrada de España en la Organización del Tratado del Atlántico Norte; la segunda de ellas consiste en la reforma del artículo 13.2 en 1992 para permitir la entrada de España en la Unión Europea y; la tercera de ellas consiste en la reforma del artículo 135 en 2011 para reforzar el compromiso de España con la Unión Europea y garantizar la sostenibilidad económica y social.,"Desde la entrada en vigor de la Constitución Española de 1978 ésta se ha reformado en cuatro ocasiones: la primera de ellas consiste en la reforma del artículo 104.1 en mayo de 1986 para permitir la entrada de España en la Organización del Tratado del Atlántico Norte; la segunda de ellas consistente en la reforma del artículo 57.1 en 2009 para permitir la línea sucesoria sin discriminación entre varón y mujer; la tercera de ellas consiste en la reforma del artículo 135 en 2011 para reforzar el compromiso de España con la Unión Europea y garantizar la sostenibilidad económica y social; y la cuarta de ellas consiste en la reforma del artículo 69.3 en 2024 consistente en una alteración técnica del listado de circunscripciones insulares, reconociendo oficialmente a Formentera como una circunscripción con senador propio.",Desde la entrada en vigor de la Constitución Española de 1978 ésta se ha reformado en dos ocasiones: la primera de ellas consiste en la reforma del artículo 104.1 en mayo de 1986 para permitir la entrada de España en la Organización del Tratado del Atlántico Norte y; la segunda de ellas consiste en la reforma del artículo 135 en 2011 para reforzar el compromiso de España con la Unión Europea y garantizar la sostenibilidad económica y social.,"Desde la entrada en vigor de la Constitución Española de 1978 ésta se ha reformado en cuatro ocasiones: la primera de ellas consiste en la reforma del artículo 13.2 en mayo de 1992 para adaptar la legislación española al Tratado de Maastricht, ampliando el derecho de sufragio pasivo a los ciudadanos de la Unión Europea residentes en España para que pudieran ser elegidos en las elecciones municipales; la segunda de ellas fue la reforma del artículo 135 en 2011 que introdujo el principio de estabilidad presupuestaria, consagrando el límite de déficit estructural y dando prioridad al pago de la deuda pública del Estado y de las comunidades autónomas; la tercera de ellas fue la reforma del artículo 49 en 2024 introduciendo el concepto de ""personas con discapacidad"" y garantizando la protección de su dignidad, autonomía e inclusión y la cuarta de ellas consiste en la reforma del artículo 69.3 en 2026 consistente en una alteración técnica del listado de circunscripciones insulares, reconociendo oficialmente a Formentera como una circunscripción con senador propio.",D,Preguntas de Examenes Agente - Tema 1
TOPIC,1,Tema 1,18,18,"Según la Constitución, el Estado es:",Apolítico.,Aconfesional.,De bienestar social.,Federal.,B,Preguntas de Examenes Agente - Tema 1
TOPIC,1,Tema 1,19,19,Cuándo podrá llevarse a cabo una reforma de la Constitución:,Cuando dicha reforma sea ratificada en referéndum.,"Cuando no esté declarado el estado de alarma, excepción o sitio.",Siempre que lo solicite el Gobierno.,Siempre que lo solicite el Gobierno y dicha reforma sea ratificada en referéndum por el pueblo.,B,Preguntas de Examenes Agente - Tema 1
TOPIC,1,Tema 1,20,20,"En una monarquía parlamentaria, el peso de las decisiones políticas corresponde:",Al Rey.,Al Parlamento.,Al Gobierno.,Al Poder Judicial.,B,Preguntas de Examenes Agente - Tema 1
TOPIC,1,Tema 1,21,21,Cuáles son los procedimientos de reforma constitucional que se establecen en la Constitución:,"Un procedimiento ordinario, otro extraordinario y una cláusula de intangibilidad.","Un procedimiento ordinario, otro extraordinario y otro urgente.",Un procedimiento ordinario y otro extraordinario.,"Un procedimiento ordinario, otro extraordinario y otro para tiempos de guerra.",C,Preguntas de Examenes Agente - Tema 1
TOPIC,1,Tema 1,22,22,La soberanía nacional reside en:,La Monarquía.,"El pueblo español, del que emanan los poderes del Estado.",Los poderes del Estado.,El Estado de Derecho.,B,Preguntas de Examenes Agente - Tema 1
TOPIC,1,Tema 1,23,23,Cuál de los siguientes principios no se garantiza por el art. 9.3 de la Constitución Española:,El de legalidad.,La jerarquía normativa.,La irretroactividad de las disposiciones sancionadoras favorables y de las no favorables o restrictivas de derechos individuales.,La interdicción de la arbitrariedad de los poderes públicos.,C,Preguntas de Examenes Agente - Tema 1
TOPIC,1,Tema 1,24,24,"De acuerdo con el artículo 6º de la Constitución Española, tienen como fin la manifestación y formación de la voluntad popular:",Las Cortes Generales.,Los partidos políticos.,Los sindicatos y partidos políticos.,Los poderes públicos.,B,Preguntas de Examenes Agente - Tema 1
TOPIC,1,Tema 1,25,25,"Señala la respuesta correcta. De conformidad con el artículo 167 de la Constitución Española, los proyectos de reforma constitucional deberán ser aprobados:",Por mayoría de dos tercios de cada una de las Cámaras.,Por mayoría absoluta del Senado y mayoría de dos tercios del Congreso.,Por mayoría de tres quintos de cada una de las Cámaras.,Todas las respuestas son incorrectas.,C,Preguntas de Examenes Agente - Tema 1
TOPIC,1,Tema 1,26,26,"Señala cuál de las siguientes afirmaciones es correcta, según la Constitución Española:",El Título Preliminar contiene los preceptos que regulan los principios y valores básicos del ordenamiento constitucional.,El título X se titula: Del Tribunal Constitucional.,El título III trata de la Corona.,El título I trata de los derechos y deberes fundamentales.,D,Preguntas de Examenes Agente - Tema 1
TOPIC,1,Tema 1,27,27,La publicación en el B.O.E. de la Constitución Española de 1978 tuvo lugar:,"El 27 de diciembre de 1978, entrando en vigor ese mismo día.",El 6 de diciembre de 1978.,El 31 de octubre de 1978.,El 29 de diciembre de 1978.,D,Preguntas de Examenes Agente - Tema 1
TOPIC,1,Tema 1,28,28,"En la Constitución, a qué se le denomina fórmula promulgatoria:",A las palabras con las que el Rey hace pública la Constitución.,A la fórmula en la que se indican los principios que se quiere conseguir.,A las palabras con las que el Rey sanciona la Constitución.,A la pregunta que se formuló para su aprobación en referéndum.,A,Preguntas de Examenes Agente - Tema 1
TOPIC,1,Tema 1,29,29,En los Títulos II a VI de la CE se contiene:,La parte dogmática de la misma.,Los derechos y libertades de los españoles.,La articulación y competencias de los distintos poderes del Estado.,La organización territorial del Estado.,C,Preguntas de Examenes Agente - Tema 1
TOPIC,1,Tema 1,30,30,No necesitan someterse a referéndum:,La reforma del sistema de derechos y libertades recogidos en la Consti­tución.,La reforma del Título que hace referencia a la Corona.,"La reforma del Capítulo Segundo, Sección 2ª, del Título I de la Constitu­ción.","La reforma del Capítulo Segundo, Sección 1ª, del Título I de la Constitu­ción.",C,Preguntas de Examenes Agente - Tema 1
TOPIC,1,Tema 1,31,31,"De acuerdo con el contenido de la Constitución Española de 1978, indique cuál de las siguientes frases es incorrecta:",Todo el contenido del Título Preliminar son principios fundamentales.,Los principios fundamentales están formados por valores que informan la totalidad del texto constitucional.,Los principios fundamentales informan la totalidad de la actividad del Estado.,No todos los principios fundamentales se contienen en el Título Preliminar.,A,Preguntas de Examenes Agente - Tema 1
TOPIC,1,Tema 1,32,32,Los ciudadanos y los poderes públicos están sujetos:,A las leyes.,A la Constitución.,A la Constitución y resto del ordenamiento jurídico.,A la Constitución y a las leyes.,C,Preguntas de Examenes Agente - Tema 1
TOPIC,1,Tema 1,33,33,"En el procedimiento ordinario de reforma constitucional, el referéndum es:",Obligatorio en todo caso.,"Preceptivo cuando se solicite por una décima parte de los Diputados o Senadores, dentro de los quince días siguientes a la aprobación de la reforma.","Voluntario, en cualquier caso.",Improcedente.,B,Preguntas de Examenes Agente - Tema 1
TOPIC,1,Tema 1,34,34,"Que los ciudadanos puedan predecir las consecuencias jurídicas que se derivan de un determinado acto, se establece en el principio de:",Seguridad jurídica.,Irretroactividad de las disposiciones sancionadoras no favorables.,Legalidad.,Publicidad de las normas.,A,Preguntas de Examenes Agente - Tema 1
TOPIC,1,Tema 1,35,35,"Aprobada la reforma de la Constitución por las Cortes Generales, se someterá a referéndum para su ratificación (art. 167 de la Constitución española):","Cuando lo solicite, dentro de los quince días siguientes a su aprobación, una décima parte de los miembros de cualquiera de las Cámaras.","Cuando lo solicite, dentro de los diez días siguientes a su aprobación, un tercio de los miembros de cualquiera de las Cámaras.","Cuando lo solicite, en cualquier momento, una décima parte de los miembros de ambas Cámaras.","Cuando lo solicite, dentro de los diez días siguientes a su aprobación, el Congreso por mayoría de dos tercios, siempre que haya obtenido el voto favorable de la mayoría absoluta del Senado.",A,Preguntas de Examenes Agente - Tema 1
TOPIC,1,Tema 1,36,36,El art. 2 de nuestra Constitución no establece que:,Se garantiza la solidaridad entre las nacionalidades y regiones que integran la Nación española.,La Nación española es patria común e indivisible de todos los españoles.,Se reconoce y garantiza el derecho a la autonomía de las nacionalidades y regiones que integran la Nación.,La riqueza de las distintas modalidades lingüísticas de España es un  patrimonio cultural que será objeto de especial respeto y protección.,D,Preguntas de Examenes Agente - Tema 1
TOPIC,1,Tema 1,37,37,Indique cuál de las siguientes disposiciones no fue derogada por la Constitución de 1978:,"Ley 1/1977, de 4 de enero, para la Reforma Política.","Ley 19/1977, de 1 de abril, sobre regulación del derecho de asociación sindical.","Ley de Sucesión en la Jefatura del Estado, de 26 de julio de 1947.","Ley de Referéndum Nacional, de 22 de octubre de 1945.",B,Preguntas de Examenes Agente - Tema 1
TOPIC,1,Tema 1,38,38,"Como norma general, los proyectos de reforma constitucional deberán ser aprobados por cada una de las Cámaras por una mayoría de:",2.3.,3.5.,3.4.,Absoluta.,B,Preguntas de Examenes Agente - Tema 1
TOPIC,1,Tema 1,39,39,"En nuestro país, el Defensor del Pueblo es una institución que se recoge por vez primera en:",La Constitución de 1978.,La Constitución de Cádiz de 1812.,La Constitución de 1931.,Ninguna de las anteriores es correcta.,A,Preguntas de Examenes Agente - Tema 1
TOPIC,1,Tema 1,40,40,Cuántas veces se ha modificado la Constitución Española de 1978:,Una siguiendo lo dispuesto en las Disposiciones Transitorias para evitar la Reforma constitucional.,Ninguna.,"Cuatro, modificando el art. 13.2 en el año 1992, otra en el año 2011 modificando el art. 135, otra en el año 2024 para reformar el art. 49 y la última en el año 2026 para reformar el artículo 69.3.","Dos, modificando el art. 13.2 en el año 1992 y otra en el año 2011 modificando el art. 135.",C,Preguntas de Examenes Agente - Tema 1
TOPIC,1,Tema 1,41,41,Una de las siguientes afirmaciones relativa a los sindicatos y asociaciones empresariales no es correcta:,El ejercicio de su actividad será libre dentro del respeto a la Constitución y a la Ley.,Su estructura Interna deberá ser jerárquica.,Su funcionamiento Interno deberá ser democrático.,Su creación será libre dentro del respeto a la Constitución y a la Ley.,B,Preguntas de Examenes Agente - Tema 1
TOPIC,1,Tema 1,42,42,La irretroactividad de las disposiciones sancionadoras no favorables o restrictivas de derechos individuales:,Es un principio constitucional garantizado en el artículo 8 de la Constitución Española de 1978.,"Prohíbe la aplicación de los efectos de las normas a situaciones o hechos surgidos o acontecidos antes de su entrada en vigor, si son restrictivas de derechos individuales, no favorables o de carácter sancionador.","Se trata de un principio general del derecho que no está reconocido en la Constitución Española, sino en otras normas jurídicas.",Todas son incorrectas.,B,Preguntas de Examenes Agente - Tema 1
TOPIC,1,Tema 1,43,43,Cual son los órganos de las Comunidades Autónomas a los que corresponde la iniciativa de reforma constitucional:,Los Diputados individualmente.,Las Asambleas legislativas.,Los Consejos de Gobierno.,Los Presidentes de Gobierno.,B,Preguntas de Examenes Agente - Tema 1
TOPIC,1,Tema 1,44,44,La defensa de la integridad territorial de España se atribuye por la Constitución a/al/las:,Fuerzas y Cuerpos de seguridad.,Fuerzas Armadas.,Gobierno de la nación.,Todas las anteriores.,B,Preguntas de Examenes Agente - Tema 1
TOPIC,1,Tema 1,45,45,La capital del Estado es:,La ciudad de Madrid.,El Madrid metropolitano.,La villa de Madrid.,La localidad de Madrid.,C,Preguntas de Examenes Agente - Tema 1
TOPIC,1,Tema 1,46,46,Señala la respuesta incorrecta:,La Constitución del 78 consta de 169 artículos.,"Nuestra Constitución es precisa, fruto del consenso al que tuvieron que llegar los distintos grupos políticos para acercar posturas divergentes.",Es rígida.,Es una Constitución influida por el constitucionalismo europeo.,B,Preguntas de Examenes Agente - Tema 1
TOPIC,1,Tema 1,47,47,La aprobación de la Constitución tuvo lugar mediante:,Sesión conjunta del Congreso y Senado el mismo día.,Sesión conjunta del Congreso y llenado en distinto día.,Sesiones separadas del Congreso y Senado al mismo día.,Sesiones separadas del Congreso y Senado en distinto día.,C,Preguntas de Examenes Agente - Tema 1
TOPIC,1,Tema 1,48,48,La Constitución Española fue publicada en el BOE en fecha:,1978-10-31 .,1978-12-06 .,1978-12-27 .,1978-12-29 .,D,Preguntas de Examenes Agente - Tema 1
TOPIC,1,Tema 1,49,49,Los Títulos de la Constitución Española que no se encuentran divididos en Capítulos ni Secciones y que solo contienen artículos son:,"Títulos I, III y V.","Títulos Preliminar, II, IV, V, VI, VII, IX y X.","Títulos Preliminar, II, IV, VI, VII, IX y X.","Títulos Preliminar, II, IV, V, VI, VII, y X.",B,Preguntas de Examenes Agente - Tema 1
TOPIC,1,Tema 1,50,50,"Con fecha de 27 de septiembre de 2011 se publicó la segunda reforma de la Constitución Española, que modificó el artículo:",135.,154,145.,125.,A,Preguntas de Examenes Agente - Tema 1
TOPIC,1,Tema 1,51,51,La estructura de la Constitución Española de 1978 es la siguiente:,"Un Título Preliminar, diez Títulos, cuatro disposiciones adicionales, nueve disposiciones transitorias, una disposición derogatoria y, una disposición final.","Diez Títulos, siete disposiciones adicionales, nueve disposiciones transitorias, una disposición derogatoria y una disposición final.","Diez Títulos, siete capítulos, nueve secciones, una disposición adicional, y una disposición final.","Un Título Preliminar, diez Títulos, nueve disposiciones adicionales, cuatro disposiciones transitorias, una disposición derogatoria y una disposición final.",A,Preguntas de Examenes Agente - Tema 1
TOPIC,1,Tema 1,52,52,Qué Título de la Constitución Española regula los Derechos y Deberes fundamentales:,Título preliminar.,Título I.,Título II.,Título IX.,B,Preguntas de Examenes Agente - Tema 1
TOPIC,1,Tema 1,53,53,Fechas relevantes de la Constitución Española de 1978:,"Fue aprobada por las Cortes Generales el 30/11/1978, ratificada en referéndum el 08/12/1978, sancionada y promulgada por el Rey el 27/12/1978 y publicada en el BOE el 30/12/1978.","Fue aprobada por las Cortes Generales el 31/10/1977, ratificada en referéndum el 08/12/1977, sancionada y promulgada por el Rey el 27/12/1978 y publicada en el BOE el 29/12/1978.","Fue aprobada por las Cortes Generales el 31/10/1978, ratificada en referéndum el 06/12/1978, sancionada y promulgada por el Rey el 27/12/1978 y publicada en el BOE el 29/12/1978.","Fue aprobada por las Cortes Generales el 31/10/1978, ratificada en referéndum el 08/12/1978, sancionada y promulgada por el Rey el 27/12/1978 i publicada en el BOE el 30/12/1978.",C,Preguntas de Examenes Agente - Tema 1
TOPIC,1,Tema 1,54,54,Atendiendo al artículo 9.1 de la CE:,La capital del Estado es la villa de Madrid.,"Una ley orgánica regulará las bases de la organización militar conforme a los principios de la presente Constitución y directrices europeas,.",Los ciudadanos y los poderes públicos están sujetos a la Constitución y al resto del ordenamiento jurídico.,"La Constitución garantiza el principio de legalidad, la jerarquía normativa, la publicidad de las normas, la irretroactividad de las disposiciones sancionadoras no favorables o restrictivas de derechos individuales, la seguridad jurídica, la responsabilidad y la interdicción de la arbitrariedad de los poderes públicos.",C,Preguntas de Examenes Agente - Tema 1
TOPIC,1,Tema 1,55,55,El deber jurídico de guardar y hacer guardar la Constitución rige:,Desde el día de su publicación en el boletín oficial del Estado.,Desde el momento en que fue sancionada por el Rey.,Desde que fue aprobada por las Cortes.,Desde que su proyecto fue aprobado en referéndum.,A,Preguntas de Examenes Agente - Tema 1
TOPIC,1,Tema 1,56,56,La designación de Don Juan Carlos de Borbón como sucesor a título de Rey en la Jefatura del Estado se produce:,En el año 1947 tras la promulgación de la Ley de Sucesión a la Jefatura del Estado donde se define por primera vez a España como un Reino.,"En el año 1969 cuando de acuerdo con la Ley de Sucesión, Franco propone a las Cortes y éstas aceptan la designación de Don Juan Carlos como su sucesor a título de Rey en la Jefatura del Estado.",Tras el fallecimiento del general Franco y su proclamación como Rey de España el 22 de noviembre de 1975.,Tras el referéndum de la Ley para la Reforma Política en el año 1976 donde se legitima democráticamente la institución de la Corona.,B,Preguntas de Examenes Agente - Tema 1
TOPIC,1,Tema 1,57,57,"Según el artículo 9 de la Constitución, a que están sujetos los poderes públicos y los ciudadanos:",A la Constitución y a la ley.,A la ley y al ordenamiento jurídico.,A la Constitución y al resto del ordenamiento jurídico.,"A la Constitución, a la ley y al resto del ordenamiento jurídico.",C,Preguntas de Examenes Agente - Tema 1
TOPIC,1,Tema 1,58,58,Los proyectos de reforma constitucional según el artículo 167 de la Constitución Española:,Deberán ser aprobados por mayoría absoluta del número legal de miembros de cada una de las cámaras.,Deberán ser aprobados por una mayoría de dos tercios de cada una de las cámaras.,Deberán ser aprobados por una mayoría de tres quintos de cada una de las cámaras.,Deberán ser aprobados por una mayoría simple de cada una de las cámaras.,C,Preguntas de Examenes Agente - Tema 1
TOPIC,1,Tema 1,59,59,El Tribunal Constitucional se recoge en nuestra CE:,En el Título IX.,En el Título X.,En el Título XI.,En el Título VIII.,A,Preguntas de Examenes Agente - Tema 1
TOPIC,1,Tema 1,60,60,El Título Preliminar de la CE se dedica a:,Las Cortes Generales.,La Corona.,El Poder Judicial.,Ninguna es correcta.,D,Preguntas de Examenes Agente - Tema 1
TOPIC,1,Tema 1,61,61,De acuerdo con el artículo 7 de la Constitución es función de los sindicatos:,Participar en la elaboración de la política social y económica.,Representar a sus afiliados ante los poderes públicos.,Contribuir a la defensa y promoción de los intereses económicos y sociales que les son propios.,Todas son correctas.,C,Preguntas de Examenes Agente - Tema 1
TOPIC,1,Tema 1,62,62,Los partidos políticos:,No son órganos del estado.,Son órganos de Gobierno.,Son órganos del Estado.,Representan al Estado.,A,Preguntas de Examenes Agente - Tema 1
TOPIC,1,Tema 1,63,63,La Constitución garantiza:,La equidad de las normas.,La publicidad de las normas.,La vigencia de las normas.,La retroactividad de las normas.,B,Preguntas de Examenes Agente - Tema 1
TOPIC,1,Tema 1,64,64,Se podrá iniciar reforma constitucional:,En tiempo de guerra.,En estado de alarma.,En estado de excepción o de sitio.,Ninguna respuesta es correcta.,D,Preguntas de Examenes Agente - Tema 1
TOPIC,1,Tema 1,65,65,Las bases de la organización militar conforme a los principios constitucionales:,"Se regulan por Ley Ordinaria, conforme al mandato constitucional.","Se regulan por Ley Orgánica, conforme al mandato constitucional.","Se regulan en la propia Constitución, en el Título Octavo.","Se regulan en la propia Constitución, en el Título Preliminar.",B,Preguntas de Examenes Agente - Tema 1
TOPIC,1,Tema 1,66,66,De cuántos capítulos consta el Título I de la Constitución Española de 1978:,De tres.,De cinco.,De dos.,De cuatro.,B,Preguntas de Examenes Agente - Tema 1
TOPIC,1,Tema 1,67,67,La Constitución Española de 1978 puede dividir en dos grandes bloques:,Una parte teórica y otra parte práctica.,Una parte ejecutiva y otra parte judicial.,Una parte orgánica y otra parte dogmática.,Todas las respuestas son falsas.,C,Preguntas de Examenes Agente - Tema 1
TOPIC,1,Tema 1,68,68,"Las materias que gozan de especial protección a efectos de reforma constitucional, son las contenidas en:","Los Títulos preliminar, I, II y III.","Los Títulos preliminar, I, en su capítulo II sección 1a y II.","Los Títulos preliminar, III, en su capítulo III sección 2a y III.","Los Títulos preliminar, I y II.",B,Preguntas de Examenes Agente - Tema 1
TOPIC,1,Tema 1,69,69,Quién garantiza el orden constitucional:,Las Fuerzas Armadas garantizan el orden constitucional.,Las Fuerzas y Cuerpos de Seguridad del Estado garantizan el orden constitucional.,Los representantes políticos.,Las Fuerzas y Cuerpos de Seguridad.,A,Preguntas de Examenes Agente - Tema 1
TOPIC,1,Tema 1,70,70,Según el artículo 9.2 de la constitución Española:,Corresponde a los poderes públicos promover las condiciones para que la libertad y la igualdad del individuo y de los grupos en que se integra sean reales y efectivas.,"La Constitución garantiza el principio de legalidad, la jerarquía normativa, la publicidad de las normas, la irretroactividad de las disposiciones sancionadoras no favorables o restrictivas de derechos individuales, la seguridad jurídica, la responsabilidad y la interdicción de la arbitrariedad de los poderes públicos.",Los ciudadanos y los poderes públicos están sujetos al Constitución y al resto del ordenamiento jurídico.,Los ciudadanos y los poderes públicos están sujetos al ordenamiento jurídico Constitucional y los tratados internacionales ratificados por las Cortes Generales.,A,Preguntas de Examenes Agente - Tema 1
TOPIC,1,Tema 1,71,71,Qué indica el artículo 4 de la Constitución española en referencia a las banderas de las Comunidades Autónomas:,Estas se utilizarán junto a la bandera de España en sus edificios oficiales y actos públicos.,Estas se utilizarán junto a la bandera de España en sus edificios públicos y actos oficiales.,Estas se utilizarán junto a la bandera de España en sus edificios y actos oficiales.,Estas se utilizarán junto a la bandera de España en cualquier edificio y acto público en que intervenga el Alcalde.,B,Preguntas de Examenes Agente - Tema 1
TOPIC,1,Tema 1,72,72,"En el procedimiento general de reforma constitucional, en principio, el proyecto de reforma debe ser aprobado por:",El Congreso de los Diputados por mayoría de dos tercios.,El Congreso de los Diputados y el Senado por mayoría de tres quintos.,"Ambas Cámaras, por mayoría absoluta.",Una comisión paritaria.,B,Preguntas de Examenes Agente - Tema 1
TOPIC,1,Tema 1,73,73,"Señala la respuesta correcta, de acuerdo con lo dispuesto en el artículo 9.3 Constitución Española:","La Constitución garantiza el principio de legalidad de las normas y su jerarquía, la irretroactividad de las disposiciones sancionadoras favorables o restrictivas de derechos individuales, la seguridad jurídica, la responsabilidad de la administración y la interdicción de la arbitrariedad de los poderes públicos.","La Constitución garantiza el principio de legalidad, la jerarquía normativa, la publicidad de las normas, la irretroactividad de las disposiciones sancionadoras no favorables o restrictivas de derechos individuales, la seguridad jurídica, la responsabilidad y la interdicción de la arbitrariedad de los poderes públicos.","La Constitución reconoce el principio de legalidad, la jerarquía normativa, la publicidad de las normas, la irretroactividad de las disposiciones sancionadoras favorables de derechos individuales o colectivos, la seguridad jurídica, la responsabilidad de la administración y la interdicción de la arbitrariedad de los poderes públicos.","La Constitución reconoce el principio de legalidad, la jerarquía normativa, la publicidad de las normas, la irretroactividad de las disposiciones sancionadoras no favorables o restrictivas de derechos individuales, la seguridad jurídica, la responsabilidad y la interdicción de la arbitrariedad de los poderes públicos.",B,Preguntas de Examenes Agente - Tema 1
TOPIC,1,Tema 1,74,74,Qué artículos de la Constitución forman parte del capítulo II y Sección I del Título I denominada Derechos fundamentales y libertades públicas:,Los artículos del 14 al 29 ambos inclusive.,Los artículos del 15 al 29 ambos inclusive.,Los artículos del 14 al 30 ambos inclusive.,Los artículos del 15 al 30 ambos inclusive.,B,Preguntas de Examenes Agente - Tema 1
TOPIC,1,Tema 1,75,75,"La Corona de España viene regulada en la Constitución de 1978 con al epígrafe, De la Corona:",En el Preámbulo.,En el Título Preliminar.,En el Título II.,En el Título III.,C,Preguntas de Examenes Agente - Tema 1
TOPIC,1,Tema 1,76,76,"Según el artículo 9.2 de la Constitución Española de 1978, quién tiene la obligación de promover las condiciones para que la igualdad del individuo y de los grupos en que se integra sean reales y efectivas:",Las Administraciones Públicas.,Los poderes públicos.,Las empresas con domicilio fiscal en España.,Todas las respuestas son correctas.,B,Preguntas de Examenes Agente - Tema 1
TOPIC,1,Tema 1,77,77,En el art.2 de nuestra Constitución establece que la Nación española es patria común e indivisible de todos los españoles y reconoce y garantiza:,El derecho de autonomía de los pueblos que la integran.,La solidaridad entre todos los pueblos que la integran.,Las dos primeras respuestas son correctas.,"El citado artículo establece que la soberanía nacional reside en el pueblo español, del que emanan los poderes del Estado.",C,Preguntas de Examenes Agente - Tema 1
TOPIC,1,Tema 1,78,78,La Constitución garantiza:,La retroactividad de las disposiciones sancionadoras no favorables o restrictivas de derechos.,La irretroactividad de las disposiciones sancionadoras no favorables o restrictivas de derechos.,La irretroactividad de las disposiciones sancionadoras favorables.,La irretroactividad de las disposiciones no restrictivas de derecho.,B,Preguntas de Examenes Agente - Tema 1
TOPIC,1,Tema 1,79,79,La Constitución Española se compone de:,"X títulos, 3 Disposiciones Adicionales, 9 Disposiciones Transitorias,\t2 Disposiciones derogatorias y 1 Disposición Final.","Título Preliminar, X títulos, 4 Disposiciones Adicionales, 9 Disposiciones Transitorias, 2 Disposiciones Derogatorias y 1 Disposición Final.","Título Preliminar, X títulos, 4 Disposiciones Adicionales, 9 Disposiciones Transitorias, 1 Disposición Derogatoria y 1 Disposición Final.","Título Preliminar, IX títulos, 4 Disposiciones Adicionales, 9 Disposiciones Transitorias, 1 Disposición Derogatoria.",C,Preguntas de Examenes Agente - Tema 1
TOPIC,1,Tema 1,80,80,"De acuerdo con el Título Preliminar de la CE, la libertad, la justicia, igualdad y pluralismo político son:",Principios rectores de la política social y económica.,Principio general del ordenamiento jurídico.,Valores superiores del ordenamiento jurídico.,Derechos fundamentales.,C,Preguntas de Examenes Agente - Tema 1
TOPIC,1,Tema 1,81,81,"Según el artículo 9 de la Constitución Española, del tenor literal, los ciudadanos y los poderes públicos respecto de la Constitución:",Están sujetos a la Constitución y al resto del Ordenamiento jurídico.,Están obligados por la Constitución y el resto del Ordenamiento Jurídico.,Están vinculados por la Constitución y al resto del Ordenamiento Jurídico.,Todas son correctas.,A,Preguntas de Examenes Agente - Tema 1
TOPIC,1,Tema 1,82,82,"La norma preconstitucional que sirvió primordialmente para asentar un procedimiento sencillo de constitución en libertad de los partidos políticos, que mantenía que los españoles podrían crear libremente partidos políticos en el ejercicio de su derecho fundamental de asociación fue:","Ley 54/1978, de 4 de diciembre.","Ley 64/1978, de 4 de diciembre.","Ley 46/1978, de 4 de diciembre.","Falso, no hubo norma preconstitucional hasta regularse por la Ley Orgánica de Partidos Políticos.",A,Preguntas de Examenes Agente - Tema 1
TOPIC,1,Tema 1,83,83,"En el artículo 1.1. de la Constitución Española de 1978 se propugna como valores superiores de su ordenamiento jurídico, entre otros:",El pluralismo político.,La Monarquía parlamentaria.,El castellano como lengua oficial.,Todas las respuestas anteriores son correctas.,A,Preguntas de Examenes Agente - Tema 1
TOPIC,1,Tema 1,84,84,"La Constitución Española garantiza, en su artículo 9.3, los principios informadores del ordenamiento jurídico español, siendo estos:","Principios de legalidad, irretroactividad, seguridad jurídica, libertad religiosa, responsabilidad e interdicción de la arbitrariedad de los poderes públicos.","Principios de legalidad, irretroactividad, jerarquía normativa, libertad religiosa, responsabilidad e interdicción de los poderes públicos.","Principios de legalidad, irretroactividad, seguridad jurídica, libertad religiosa e interdicción de la arbitrariedad de los poderes públicos.","Principio de legalidad, jerarquía normativa, publicidad de las normas,  irretroactividad, seguridad jurídica, responsabilidad e interdicción de la  arbitrariedad de los poderes públicos.",D,Preguntas de Examenes Agente - Tema 1
TOPIC,1,Tema 1,85,85,El procedimiento excepcional de reforma está previsto en caso de intentarse sobre el siguiente Título de la Constitución:,Cualquiera.,Segundo.,Tercero.,Ninguno de los anteriores.,B,Preguntas de Examenes Agente - Tema 1
TOPIC,1,Tema 1,86,86,"En qué se fundamenta la Constitución, según el artículo 2 de la misma:",En el pueblo español que la refrendó.,En la indisoluble unidad de la nación española.,En el poder soberano de las Cortes Generales.,En el estado democrático y de derecho.,B,Preguntas de Examenes Agente - Tema 1
TOPIC,1,Tema 1,87,87,"El Título X de nuestra Constitución, con el epígrafe, De la reforma de la Constitución, regula la forma y/o los procedimientos para su reforma, en los artículos:",Del 159 al 165.,Del 159 al 164.,Del 165 al 169.,Del 166 al 169.,D,Preguntas de Examenes Agente - Tema 1
TOPIC,1,Tema 1,88,88,"La Constitución, tiene valor normativo directo:","No, puesto que ha de desarrollarse reglamentariamente.","No, ya que existen las leyes de desarrollos.",Si.,"Si, pero solamente en su parte orgánica.",C,Preguntas de Examenes Agente - Tema 1
TOPIC,1,Tema 1,89,89,"Según la Constitución Española, es misión de la Nación Española: colaborar en el fortalecimiento de unas relaciones pacíficas y de eficaz cooperación entre todos los pueblos de la Tierra:",En su art. 14.,En su título VI.,En su Preámbulo.,Esa frase no figura en la Constitución Española.,C,Preguntas de Examenes Agente - Tema 1
TOPIC,1,Tema 1,90,90,De acuerdo con lo establecido en la Constitución Española:,Los Estatutos de Autonomía podrán reconocer banderas y enseñas propias de las Comunidades Autónomas.,Un Decreto-ley regulará las bases de las organización militar.,La Constitución se fundamenta en la disoluble unidad de la Nación española.,La soberanía nacional reside en las Cortes Generales.,A,Preguntas de Examenes Agente - Tema 1
TOPIC,1,Tema 1,91,91,Una de las siguientes afirmaciones relativa a los sindicatos y asociaciones empresariales no es correcta:,El ejercicio de su actividad será libre dentro del respeto a la Constitución y a la Ley.,Su estructura interna deberá ser jerárquica.,Su creación será libre dentro del respecto a la Constitución y a la Ley.,Su creación será libre dentro del respecto a la Constitución y a la Ley.,B,Preguntas de Examenes Agente - Tema 1
TOPIC,1,Tema 1,92,92,El artículo 9.3 de la Constitución garantiza la irretroactividad de las disposiciones:,Sancionadoras no favorables.,No sancionadoras favorables.,Sancionadoras favorables.,No sancionadoras no favorables.,A,Preguntas de Examenes Agente - Tema 1
TOPIC,1,Tema 1,93,93,Los Derechos y Deberes Fundamentales en nuestra Constitución se encuentran regulados:,En el Título II repartidos en 5 Capítulos y en 2 Secciones.,En el Título I repartidos en 5 Capítulos y en 1 Sección.,En el Título I repartidos en 5 Capítulos y en 2 Secciones.,En el Título II repartidos en 4 Capítulos y en 2 Secciones.,C,Preguntas de Examenes Agente - Tema 1
TOPIC,1,Tema 1,94,94,"Según la Constitución Española, la riqueza de las distintas modalidades lingüísticas de España:",Es un patrimonio histórico que deberá ser desarrollado exclusivamente por las Comunidades Autónomas afectadas.,Es un patrimonio cultural cuya gestión corresponderá al Estado.,Es un patrimonio cultural que será objeto de especial respeto y protección.,Es un patrimonio histórico que precisa de la coordinación entre las administraciones públicas.,C,Preguntas de Examenes Agente - Tema 1
TOPIC,1,Tema 1,95,95,La Constitución española se estructura en:,"Preámbulo, Título Preliminar, Diez Títulos, Cuatro Disposiciones Adicionales, Diez Disposiciones Transitorias, Cuatro Disposiciones Derogatorias, Una Disposición Final.","Preámbulo, Título Preliminar, Diez Títulos, Cuatro Disposiciones Adicionales, Nueve Disposiciones Transitorias, Una Disposición Derogatoria, Una Disposición Final.","Preámbulo, Título Preliminar, Diez Títulos, Tres Disposiciones Adicionales, Nueve Disposiciones Transitorias, Cuatro Disposiciones Derogatorias, Una Disposición Final.","Preámbulo, Título Preliminar, Diez Títulos, Cuatro Disposiciones Adicionales, Diez Disposiciones Transitorias, Tres Disposiciones Derogatorias, Una Disposición Final.",B,Preguntas de Examenes Agente - Tema 1
TOPIC,1,Tema 1,96,96,La reforma constitucional no podrá iniciarse cuando:,Sea tiempo de vigencia del estado de excepción.,Esté en trámite la moción de censura.,La Diputación Permanente haya asumido las funciones del Congreso.,Ninguna es correcta.,A,Preguntas de Examenes Agente - Tema 1
TOPIC,1,Tema 1,97,97,Los principios generales del texto constitucional:,No tienen fuerza jurídica ni vigencia normativa.,Se contienen en el Preámbulo.,Anteceden al Título Preliminar.,Se contienen en el Título Preliminar.,D,Preguntas de Examenes Agente - Tema 1
TOPIC,1,Tema 1,98,98,"La Constitución Española fue ratificada en Referéndum por el pueblo español, en fecha:",1978-10-31 .,1978-12-06 .,1978-12-27 .,1978-12-29 .,B,Preguntas de Examenes Agente - Tema 1
TOPIC,1,Tema 1,99,99,La Constitución Española de 1978 se fundamenta en:,"La indisoluble unidad de la Nación española, patria común e indivisible de todos los españoles.","La indisoluble unidad del territorio español, patria común e indivisible de todos los españoles.","La indisoluble unidad de la Nación española, patria indivisible de todos los españoles.",Ninguna es correcta.,A,Preguntas de Examenes Agente - Tema 1
TOPIC,1,Tema 1,100,100,El principio de irretroactividad garantizado en la Constitución abarca:,A las disposiciones sancionadoras no favorables o restrictivas de derechos individuales.,A todas las disposiciones legales de cualquier orden.,A todas las normas de carácter penal.,"A las disposiciones sancionadoras, más aquellas que impongan penas privativas de libertad no superior a los seis años, o de multa cualquiera que fuese su cuantía.",A,Preguntas de Examenes Agente - Tema 1
TOPIC,1,Tema 1,101,101,"La bandera de España está formada por tres franjas, roja, amarilla y roja:","Horizontalmente colocadas, siendo la roja de doble anchura que cada una de las amarillas.","Verticalmente colocadas, siendo la amarilla de doble anchura que cada una de las rojas.","Horizontalmente colocadas, siendo las tres franjas de igual anchura.","Horizontalmente colocadas, siendo la amarilla de doble anchura que cada una de las rojas.",D,Preguntas de Examenes Agente - Tema 1
TOPIC,1,Tema 1,102,102,El castellano es la lengua oficial del Estado y todos los españoles respecto la lengua tienen:,El derecho a conocerla.,El deber de conocerla y el derecho a usarla.,La obligación de conocerla.,El deber de utilizarla como lengua oficial.,B,Preguntas de Examenes Agente - Tema 1
TOPIC,1,Tema 1,103,103,"A tenor del contenido del artículo 1.1 de la Constitución Española de 1978, España se constituye en un Estado:","Social, Liberal y de Derecho.",Social y democrático de derecho.,"Social, democrático y mercantilista.",Social e integrador.,B,Preguntas de Examenes Agente - Tema 1
TOPIC,1,Tema 1,104,104,"El Referéndum del 6 de Diciembre de 1978 se instrumentaliza a través de una única pregunta, cual fue:",Aprueba usted el nuevo estado de derecho establecido por la Constitución.,Ratifica usted la forma política del Estado establecido por la Constitución.,Aprueba el proyecto de Constitución.,Acata usted el nuevo sistema político.,C,Preguntas de Examenes Agente - Tema 1
TOPIC,1,Tema 1,105,105,Cuál de estas afirmaciones es correcta :,La Constitución prohíbe en el artículo 169 que una reforma constitucional pueda iniciarse en tiempo de guerra o de vigencia de alguno de los estados previstos en el artículo 116.,La Constitución prohíbe en el artículo 179 que una reforma constitucional pueda iniciarse en tiempo de guerra o de vigencia de alguno de los estados previstos en el artículo 116.,La Constitución prohíbe en el artículo 189 que una reforma constitucional pueda iniciarse en tiempo de guerra o de vigencia de alguno de los estados previstos en el artículo 190.,La Constitución prohíbe en el artículo 199 que una reforma constitucional pueda iniciarse en tiempo de guerra o de vigencia de alguno de los estados previstos en el artículo 190.,A,Preguntas de Examenes Agente - Tema 1
TOPIC,1,Tema 1,106,106,La Constitución Española reconoce y garantiza el derecho a la autonomía:,De las nacionalidades que la integran.,De las regiones que la integran.,De las Comunidades Autónomas que la integran.,De las nacionalidades y regiones que la integran.,D,Preguntas de Examenes Agente - Tema 1
TOPIC,1,Tema 1,107,107,Señala la respuesta incorrecta:,"La soberanía nacional reside en el pueblo español, del que emanan los poderes del Estado.",La riqueza de las distintas modalidades lingüísticas de España es un patrimonio cultural que será objeto de especial respeto y protección.,La forma política del Estado español es la Monarquía parlamentaria.,"La Constitución se fundamenta en la indisoluble unidad de la Nación española, patria común e indivisible de todos los españoles, y reconoce y garantiza el derecho a la autonomía de las naciones y regiones que la integran y la solidaridad entre todas ellas.",D,Preguntas de Examenes Agente - Tema 1
TOPIC,1,Tema 1,108,108,"En la Constitución Española de 1978 se pueden distinguir dos grandes partes, parte orgánica y parte dogmática:","Cierto, abarcando el Título I la parte dogmática y los Títulos II a VI la parte orgánica.","Cierto, abarcando el Título I la parte orgánica y los Títulos II a VI la parte dogmática.","Cierto, abarcando los Títulos Preliminar y Título I la parte dogmática y los Títulos Il a VII la parte orgánica.","Cierto, abarcando los Títulos Preliminar y la parte orgánica y los Títulos II a VII la parte dogmática.",A,Preguntas de Examenes Agente - Tema 1
TOPIC,1,Tema 1,109,109,"Conforme el artículo 9.2 de la Constitución Española de 1978, corresponde a los poderes públicos:",Promover las condiciones para que la libertad y la igualdad del individuo y de los grupos en que se integra sean reales y efectivas.,Remover los obstáculos que impidan o dificulten su plenitud sobre la libertad y la igualdad de los individuos y grupos.,"Facilitar la participación de todos los ciudadanos en la vida política, económica, cultural y social.",Todas las respuestas son correctas.,D,Preguntas de Examenes Agente - Tema 1
TOPIC,1,Tema 1,110,110,El artículo 4.1 de la Constitución se refiere a:,La bandera nacional.,La bandera del Estado español.,La bandera de los españoles.,La bandera de España.,D,Preguntas de Examenes Agente - Tema 1
TOPIC,1,Tema 1,111,111,Puede instar la reforma de la Constitución el/los/las:,Asambleas Legislativas de las Comunidades Autónomas.,Presidente del Gobierno de la Nación.,Consejos de Gobierno de las Comunidades Autónomas.,Ninguno de los anteriores.,A,Preguntas de Examenes Agente - Tema 1
TOPIC,1,Tema 1,112,112,El artículo 2 de la Constitución se refiere a la unidad de la Nación española calificándola como:,Indisoluble.,Indivisible.,Patria común.,Todas las respuestas son correctas.,D,Preguntas de Examenes Agente - Tema 1
TOPIC,1,Tema 1,113,113,Cual de las siguientes afirmaciones NO es cierta; La Constitución Española (CE):,Define a España como un Estado Social y Democrático de Derecho.,Menciona y recoge expresamente a sindicatos de trabajadores y a asociaciones empresariales.,"Contempla el derecho a la Igualdad de los españoles/as, inclusive en la sucesión a la Corona.",Garantiza la irretroactividad de las disposiciones sancionadoras.,C,Preguntas de Examenes Agente - Tema 1
TOPIC,1,Tema 1,114,114,El castellano es la lengua oficial del Estado Español. Todos los españoles:,Tienen el deber de conocerla y de usarla.,Tienen el deber de conocerla y el derecho de usarla.,Tienen el derecho de conocerla y usarla.,Tienen el deber de usarla en todos los escritos dirigidos a las Administraciones públicas.,B,Preguntas de Examenes Agente - Tema 1
TOPIC,1,Tema 1,115,115,Los derechos y deberes fundamentales los recoge la Constitución Española en:,El Título Preliminar.,El Título I.,El Título II.,El Título III.,B,Preguntas de Examenes Agente - Tema 1
TOPIC,1,Tema 1,116,116,El artículo 5 de la Constitución dice:,La capital de España es la villa de Madrid.,La capital del Estado se fija en la villa de Madrid.,La capital del Estado es la villa de Madrid.,La capital del Reino de España es la villa de Madrid.,C,Preguntas de Examenes Agente - Tema 1
TOPIC,1,Tema 1,117,117,En qué fecha aprobaron las Cortes Generales la Constitución Española:,El 31 de octubre de 1978.,El 6 de diciembre de 1978.,El 27 de diciembre de 1978.,El 29 de diciembre de 1978.,A,Preguntas de Examenes Agente - Tema 1
TOPIC,1,Tema 1,118,118,La ley que modificó sustancialmente los esquemas de las anteriores Leyes Fundamentales es:,La Constitución española de 1978.,"Ley 1/1977, de 4 de enero, para la Reforma Política.",Leyes de las Cortes de 1979.,Ninguna de las respuestas es correcta.,B,Preguntas de Examenes Agente - Tema 1
TOPIC,1,Tema 1,119,119,La Constitución española se estructura en:,Once títulos incluyendo el Título Preliminar.,Diez títulos incluyendo el Título Preliminar.,Once títulos más el Título Preliminar.,Once títulos más el Título Preliminar.,A,Preguntas de Examenes Agente - Tema 1
TOPIC,1,Tema 1,120,120,"Los principios básicos generales de nuestra Constitución, se encuentran recogidos en su:",Título I.,Título Preliminar.,Preámbulo.,Título II.,B,Preguntas de Examenes Agente - Tema 1
TOPIC,1,Tema 1,121,121,Constitución Española. El Título VIII. Qué artículos comprende de la Constitución:,Artículos 1 a 10.,Artículos 56 a 65.,Artículo 137 a 158.,Artículos 159 a 165.,C,Preguntas de Examenes Agente - Tema 1
TOPIC,1,Tema 1,122,122,La riqueza de las distintas modalidades lingüísticas de España:,Es un patrimonio histórico que deberá ser desarrollado exclusivamente por las Comunidades Autónomas afectadas.,Es un patrimonio cultural cuya gestión corresponderá al Estado.,Es un patrimonio cultural que será objeto de especial respeto y protección.,Es un patrimonio histórico que precisa de la coordinación entre las administraciones.,C,Preguntas de Examenes Agente - Tema 1
TOPIC,1,Tema 1,123,123,En relación con la reforma de la constitución:,Los proyectos de reforma constitucional deberán ser aprobados por una mayoría de tres quintos de cada una de las cámaras.,La reforma de la constitución deberá someterse a referéndum para su ratificación.,En caso de reforma total de la constitución deberá aprobarse por una mayoría de dos tercios del congreso y tres quintos del senado.,Todas son ciertas.,A,Preguntas de Examenes Agente - Tema 1
TOPIC,1,Tema 1,124,124,"El Preámbulo de la Constitución Española proclama la voluntad inspiradora de la misma, estableciendo unos principios inspiradores. Indica la respuesta correcta:",Promover las condiciones para que la libertad y la igualdad del individuo y de los grupos en que se integra sean reales y efectivas.,"Garantizar la libertad ideológica, religiosa y de culto de los individuos y las comunidades.",Colaborar en el fortalecimiento de unas relaciones pacíficas y de eficaz cooperación entre todos los pueblos de la tierra.,Promover el progreso social y de la economía para asegurar a todos una digna calidad de vida.,C,Preguntas de Examenes Agente - Tema 1
TOPIC,1,Tema 1,125,125,De conformidad con la Constitución la forma política del Estado español es:,La democracia parlamentaria.,El estado social y democrático de derecho.,El estado autonómico de derecho.,Ninguna de las respuesta anteriores es correcta.,D,Preguntas de Examenes Agente - Tema 1
TOPIC,1,Tema 1,126,126,Cuál de los siguientes es considerado por la Constitución Española como uno de los valores superiores del ordenamiento jurídico:,La jerarquía normativa.,El pluralismo político.,La publicidad normativa.,La equidad.,B,Preguntas de Examenes Agente - Tema 1
TOPIC,1,Tema 1,127,127,"Según la DISPOSICIÓN DEROGATORIA de la Constitución Española de 1978, queda derogada entre otras normas:","La Ley 1/1977, de 24 de enero, para la Reforma Política.","El Fuero de los Españoles, de 17 de julio de 1942.","La Ley Constitutiva de las Cortes, de 17 de julio de 1945.",Ley de Referéndum Nacional de 22 de octubre de 1945.,D,Preguntas de Examenes Agente - Tema 1
TOPIC,1,Tema 1,128,128,Según dispone el artículo 5 de la Constitución española:,Los Estatutos podrán reconocer banderas y enseñas propias de las Comunidades Autónomas. Éstas se utilizarán junto a la bandera de España en sus edificios públicos y en sus actos oficiales.,La capital del Estado es la villa de Madrid.,"La bandera de España está formada por tres franjas horizontales: amarilla, roja y amarilla, siendo la roja de doble anchura que las amarillas.",La capital de España antes de Madrid fue Valladolid.,B,Preguntas de Examenes Agente - Tema 1
TOPIC,1,Tema 1,129,129,La iniciativa de reforma constitucional se ejercerá en los términos previstos en:,Los apartados 1 y 2 del artículo 87 de la Constitución.,Los apartados 1 y 2 del artículo 89 de la Constitución.,El artículo 87 de la Ley Orgánica del Poder Judicial.,Los apartados 1 y 2 del artículo 89 de la ley de Reforma Política.,A,Preguntas de Examenes Agente - Tema 1
TOPIC,1,Tema 1,130,130,Los partidos políticos:,Son instrumento fundamental para la participación política.,Expresan el pluralismo ideológico en todos los campos.,Concurren a la formación de la voluntad institucional.,Participan en la manifestación de la voluntad de las agrupaciones políticas.,A,Preguntas de Examenes Agente - Tema 1
TOPIC,1,Tema 1,131,131,"De conformidad con el artículo 1 de la Constitución Española, España se constituye en un un Estado social y democrático de Derecho, que propugna como valores superiores de su ordenamiento jurídico:","La unidad de la nación española, patria común e indivisible de todos los españoles.","La libertad, la justicia, la igualdad y el pluralismo político.",La seguridad jurídica y la interdicción de arbitrariedad de los poderes públicos.,"La libertad, la igualdad, la unidad y el pluralismo político.",B,Preguntas de Examenes Agente - Tema 1
TOPIC,1,Tema 1,132,132,Qué parte de la Constitución española de 1978 no tiene fuerza jurídica:,Todas las partes de la Constitución tienen fuerza jurídica.,Las Disposiciones adicionales.,El Título Preliminar.,El Preámbulo.,D,Preguntas de Examenes Agente - Tema 1
TOPIC,1,Tema 1,133,133,La lengua oficial del Estado es:,El idioma autóctono en aquellas comunidades que gocen de lengua propia.,El castellano.,El español.,El castellano en aquellas comunidades autónomas que no sean bilingües.,B,Preguntas de Examenes Agente - Tema 1
TOPIC,1,Tema 1,134,134,Cuando la bandera de España se utilice junto a otras banderas autonómicas en edificios públicos y actos oficiales:,Deberá tener el mismo o inferior tamaño que el resto de las banderas autonómicas.,Deberá colocarse a la misma altura que el resto de las banderas autonómicas.,Ocupará lugar preeminente y de máximo honor.,Ninguna es correcta.,C,Preguntas de Examenes Agente - Tema 1
TOPIC,1,Tema 1,135,135,España se constituye en un Estado Social y Democrático de Derecho que tiene como valores superiores:,La libertad y la justicia.,La igualdad y el pluralismo político.,Ambas respuestas son incorrectas.,Ambas respuestas son correctas.,D,Preguntas de Examenes Agente - Tema 1
TOPIC,1,Tema 1,136,136,"La Constitución Española de 1978, fue sancionada y promulgada por su majestad el Rey:",El 27 de diciembre de 1978.,El 31 de octubre de 1978.,"La Constitución no es sancionada y promulgada por el Rey, sino por el pueblo español el 6 de diciembre de 1978.",Ninguna respuesta es correcta.,A,Preguntas de Examenes Agente - Tema 1
TOPIC,1,Tema 1,137,137,"En relación con la estructura y contenido de la Constitución Española, señala la afirmación incorrecta:","La Constitución Española de 1978 consta de un Preámbulo, un Título Preliminar, diez Títulos, 4 Disposiciones Adicionales, 9 Disposiciones Transitorias, 1 Disposición Derogatoria y 1 Disposición Final. Es un texto articulado, distribuyéndose los Títulos en un total de 169 artículos.","El Título VIII de la Constitución Española, De la Organización Territorial del Estado comprende los artículos 137 a 158.","El Título IV de la Constitución Española, Del Gobierno y la Administración comprende los artículos 97 a 106.","La Sección 1a del Capítulo Segundo del Título I de la Constitución Española se denomina, De los derechos fundamentales y las libertades públicas.",C,Preguntas de Examenes Agente - Tema 1
TOPIC,1,Tema 1,138,138,"Según la Constitución Española artículo 1.1, establece que:",España se constituye en un Estado social y democrático de derecho.,España es un Estado aconfesional y asocial defensor de valores superiores.,España es un Estado democrático de derecho.,Ninguna de las anteriores es correcta.,A,Preguntas de Examenes Agente - Tema 1
TOPIC,1,Tema 1,139,139,La parte dogmática de la Constitución de 1978 contiene:,Los principios constitucionales.,Derechos y deberes de la ciudadanía.,Los principios rectores de la política económica y social.,Todas las respuestas son ciertas.,D,Preguntas de Examenes Agente - Tema 1
TOPIC,1,Tema 1,140,140,El artículo 9.3 de la Constitución establece la:,Irretroactividad de las disposiciones sancionadoras no favorables.,Solidaridad interterritorial.,"Irretroactividad de las disposiciones, favorables o no.",Irretroactividad de los actos administrativos expropiatorios.,A,Preguntas de Examenes Agente - Tema 1
TOPIC,1,Tema 1,141,141,"Según la Constitución, corresponde a los poderes públicos promover las condiciones para que la libertad y la igualdad del individuo y de los grupos en que se integra sean reales y efectivas, y además:","Remover lo obstáculos que impidan o dificulten su plenitud y facilitar la participación de todos los ciudadanos en la vida política, económica, cultural y social.","Remover los obstáculos que impidan o dificulten su plenitud y facilitar la participación de todos los ciudadanos en la vida política, sindical y social.","Se garantiza la libertad ideológica, religiosa y de culto de los individuos y las comunidades sin más limitación.",Ninguna es correcta.,A,Preguntas de Examenes Agente - Tema 1
TOPIC,1,Tema 1,142,142,Corresponde la iniciativa de reforma constitucional a:,"Exclusivamente al Gobierno, al Congreso y al Senado.",Exclusivamente al Congreso y al Senado.,"AI Gobierno, al Congreso y al Senado entre otros.",Al pueblo español mediante una iniciativa popular.,C,Preguntas de Examenes Agente - Tema 1
TOPIC,1,Tema 1,143,143,"Para la Constitución, los poderes del Estado emanan de:",La propia Constitución.,El pueblo español.,La indisoluble unidad de la Nación española.,El ordenamiento jurídico.,B,Preguntas de Examenes Agente - Tema 1
TOPIC,1,Tema 1,144,144,"De acuerdo con la Constitución Española, la bandera de España está formada por tres franjas, roja, amarilla y roja:","Verticalmente colocadas, siendo la roja de doble anchura que cada una de las amarillas.","Verticalmente colocadas, siendo la amarilla de doble anchura que cada una de las rojas.","Horizontalmente o verticalmente colocadas, siendo la amarilla de doble anchura que cada una de las rojas.",Ninguna es correcta,D,Preguntas de Examenes Agente - Tema 1
TOPIC,1,Tema 1,145,145,La Constitución Española de 1978 en su artículo 2 establece:,"Se fundamenta en la indisoluble unidad de la nación española, patria común e indivisible de todos los españoles, y reconoce y garantiza el derecho a la autonomía de las nacionalidades y regiones que la integran y la solidaridad entre todas ellas.","La soberanía nacional reside en el pueblo español, del que emanan los poderes del Estado.","España se constituye en un Estado social y democrático de Derecho, que propugna como valores superiores de su ordenamiento jurídico la libertad, la justicia, la igualdad y el pluralismo político.",La forma política del Estado español es la Monarquía parlamentaria.,A,Preguntas de Examenes Agente - Tema 1
TOPIC,1,Tema 1,146,146,"Según el art. 1 de la Constitución Española, España se constituye en:","En un Estado social y democrático de Derecho, que propugna como valores superiores de su ordenamiento jurídico la libertad, la justicia, la igualdad y el pluralismo político.","En un Estado cultural y democrático de Derecho, que propugna como valores superiores de su ordenamiento jurídico la libertad, la justicia, la igualdad y el pluralismo político.","En un Estado social y programático de Derecho, que propugna como valores superiores de su ordenamiento jurídico la libertad, la justicia, la igualdad y el pluralismo político.","España se constituye en un Estado laico y programático de Derecho, que propugna como valores superiores de su ordenamiento jurídico la libertad, la justicia, la igualdad y el pluralismo político.",A,Preguntas de Examenes Agente - Tema 1
TOPIC,1,Tema 1,147,147,Las banderas de las Comunidades Autónomas se utilizarán junto a la de España. Dónde y cuándo:,En sus organismos y estatutos.,En sus actos públicos y edificios oficiales.,En sus actos oficiales y edificios públicos.,Todas son correctas.,C,Preguntas de Examenes Agente - Tema 1
TOPIC,1,Tema 1,148,148,"Completa el párrafo siguiente: La Constitución garantiza el principio de legalidad, la jerarquía normativa, la publicidad de las normas ………… la seguridad jurídica, la responsabilidad y la interdicción de la arbitrariedad de los poderes públicos:",La retroactividad de las disposiciones sancionadoras favorables no restrictivas de derechos individuales.,La irretroactividad de las disposiciones sancionadoras no favorables no restrictivas de derechos individuales.,La retroactividad de las disposiciones favorables no restrictivas de derechos individuales.,La irretroactividad de las disposiciones sancionadoras no favorables o restrictivas de derechos individuales.,D,Preguntas de Examenes Agente - Tema 1
TOPIC,1,Tema 1,149,149,La Constitución pretende ofrecer una solución al problema de la diversidad territorial en la unidad:,"Fundamentándose en la indisolubilidad de la unidad de la Nación española y, al mismo tiempo, reconociendo el derecho a la autodeterminación de las nacionalidades y regiones que la integran.",Reconociendo el derecho a la independencia de las distintas nacionalidades y regiones que integran la nación.,"Fundamentándose en la indisoluble unidad de la Nación española, pero reconociendo y garantizando, al mismo tiempo, el derecho a la autonomía de las nacionalidades y regiones y la solidaridad entre todas ellas.",Ninguna de las respuestas es cierta.,C,Preguntas de Examenes Agente - Tema 1
TOPIC,1,Tema 1,150,150,El artículo 3.3 de la Constitución española establece:,"La riqueza de las distintas modalidades lingüísticas de España es un patrimonio y un bien cultural que será objeto de especial respeto y protección, debido a su singularidad.",La riqueza de las distintas modalidades lingüísticas de España es un patrimonio cultural que será objeto de especial respeto y protección.,"La riqueza de las distintas modalidades lingüísticas de España es un patrimonio cultural que será objeto de especial respeto y protección, debido a su singularidad.","La riqueza de las distintas modalidades lingüísticas de España, debido a su singularidad, es un patrimonio cultural que será objeto de especial respeto y protección.",B,Preguntas de Examenes Agente - Tema 1
TOPIC,1,Tema 1,151,151,En qué fecha aprueban el Congreso y el Senado el texto constitucional Español definitivo:,El 6 de Diciembre de 1978.,El 29 de Diciembre de 1978.,El 27 de Diciembre de 1978.,El 31 de Octubre de 1978.,D,Preguntas de Examenes Agente - Tema 1
TOPIC,1,Tema 1,152,152,El procedimiento agravado de reforma constitucional se considera una garantía prevista para:,Los derechos reconocidos en la Sección Primera del Capítulo Segundo del Título Primero.,Los derechos y libertades reconocidos en el Capítulo Segundo del Título Primero.,Todos los derechos contenidos en el Título l.,Los derechos reconocidos en el Capítulo Tercero del Título Primero.,A,Preguntas de Examenes Agente - Tema 1
TOPIC,1,Tema 1,153,153,Una de las siguientes materias no es regulada en el Título Preliminar de la Constitución Española:,Las Cortes Generales.,Las Asociaciones de Empresarios.,Las Fuerzas Armadas.,Los Partidos Políticos.,A,Preguntas de Examenes Agente - Tema 1
TOPIC,1,Tema 1,154,154,La suspensión de los derechos y libertades se recoge en nuestro ordenamiento jurídico:,"Al tratarse de derechos y libertades, no se contempla la suspensión de los mismos.",En el Título I Capítulo 5° de la CE.,En el Título Preliminar Capítulo 5° de la CE.,En el Título I Capítulo 2° Secciones 1 y 24.,B,Preguntas de Examenes Agente - Tema 1
TOPIC,1,Tema 1,155,155,"Según la Constitución, respecto a los partidos políticos, no es cierto que:",Expresan el pluralismo político.,El ejercicio de su actividad es libre dentro del respeto a la Constitución y a la ley.,Su estructura interna deberá ser democrática.,Contribuyen a la defensa y promoción de los intereses que le son propios.,D,Preguntas de Examenes Agente - Tema 1
TOPIC,1,Tema 1,156,156,"De acuerdo con el artículo 9º de la Constitución Española, facilitar la participación de todos los ciudadanos en la vida política, corresponde a:",Las Cortes Generales.,Los partidos políticos.,Los sindicatos y los partidos políticos.,Los poderes públicos.,D,Preguntas de Examenes Agente - Tema 1
TOPIC,1,Tema 1,157,157,El referéndum en el que se aprobó popularmente la Constitución se llevó a cabo el:,1978-12-27 .,1978-12-06 .,1978-10-31 .,1979-12-29 .,B,Preguntas de Examenes Agente - Tema 1
TOPIC,1,Tema 1,158,158,Dónde viene recogida la forma y los colores de la bandera de España:,Artículo 4 de la Constitución Española de 1978.,Artículo 5 de la Constitución Española de 1978.,Artículo 6 de la Constitución Española de 1978.,Ninguna de las anteriores respuestas es correcta.,A,Preguntas de Examenes Agente - Tema 1
TOPIC,1,Tema 1,159,159,"Según al artículo 9 de la Constitución, Corresponde a los poderes públicos promover las condiciones para que la libertad y la igualdad del individuo y de los grupos en que se integra sean reales y efectivas Y además:","Remover los obstáculos que impidan o dificulten su plenitud y facilitar la participación de todos,los ciudadanos en la vida política, económica, cultural y social.","Remover los obstáculos que impidan o dificulten su plenitud y facilitar la participación de todos los ciudadanos en la vida política, sindical y social.","Se garantiza la libertad ideológica, religiosa y de culto de los individuos y las comunidades sin más limitación.",Ninguna es correcta.,A,Preguntas de Examenes Agente - Tema 1
TOPIC,1,Tema 1,160,160,"Según la Constitución, las lenguas españolas, sin perjuicio del castellano, son:","De uso voluntario por los ciudadanos españoles ante todas las Administraciones Públicas en toda España, sin ninguna limitación ni condición.",De uso obligatorio por los ciudadanos españoles ante todas las Administraciones Públicas por sus conocedores.,Oficiales en las respectivas Comunidades Autónomas de acuerdo con lo previsto  en sus respectivos Estatutos de Autonomía.,No existen otras lenguas oficiales que no sean el español o castellano.,C,Preguntas de Examenes Agente - Tema 1
TOPIC,1,Tema 1,161,161,"Las materias que gozan de especial protección, a efectos de reforma constitucional, son las contenidas en:","Los Títulos Preliminar, I, II y III.",Los Títulos I y II.,"Los Títulos Preliminar, I (en su Capítulo 2º, Sección 1ª) y II.","Los Títulos Preliminar, I y II.",C,Preguntas de Examenes Agente - Tema 1
TOPIC,1,Tema 1,162,162,Qué artículos contempla el Título Preliminar de la Constitución Española:,Del artículo 1 al 10.,Del artículo 1 al 11.,Del artículo 1 al 12.,Del artículo 1 al 9.,D,Preguntas de Examenes Agente - Tema 1
TOPIC,1,Tema 1,163,163,Los partidos políticos:,Son órganos del Estado.,Son órganos del Gobierno.,No son órganos del Estado.,Son órganos del Estado cuando han conseguido representación parlamentaria.,C,Preguntas de Examenes Agente - Tema 1
TOPIC,1,Tema 1,164,164,De acuerdo con lo establecido en la Constitución Española:,Los Estatutos de Autonomía no podrán reconocer banderas y enseñas propias de las Comunidades Autónomas.,Un Decreto-ley regulará las bases de las organización militar.,La Constitución se fundamenta en la indisoluble unidad de la Nación española.,La soberanía nacional reside en las Cortes Generales.,C,Preguntas de Examenes Agente - Tema 1
TOPIC,1,Tema 1,165,165,El artículo 9.3 de la Constitución española garantiza los principios de:,Autonomía de las entidades locales.,Igualdad y libertad.,"Legalidad, la jerarquía normativa, la publicidad de las normas, la irretroactividad de las disposiciones sancionadoras no favorables o restrictivas de derechos individuales, la seguridad jurídica, la responsabilidad y la interdicción de la arbitrariedad de los poderes públicos.",Ninguna de las anteriores es correcta.,C,Preguntas de Examenes Agente - Tema 1
TOPIC,1,Tema 1,166,166,Señala cuál de las siguientes afirmaciones no es correcta:,"España se constituye en un Estado social y democrático de Derecho, que propugna como valores superiores de su ordenamiento jurídico la libertad, la justicia, la igualdad y el pluralismo político.","La soberanía nacional reside en el pueblo español, del que emanan los poderes del Estado.",La forma política del Estado español es la Monarquía parlamentaria.,"La Constitución se fundamenta en la disoluble unidad de la Nación española, patria común e indivisible de todos los españoles, y reconoce y garantiza el derecho a la autonomía de las nacionalidades y regiones que la integran y la solidaridad entre todas ellas.",D,Preguntas de Examenes Agente - Tema 1
TOPIC,1,Tema 1,167,167,"Según la Constitución, el castellano es la lengua española oficial del estado. Todos los españoles tienen:",Deber de usarla.,Derecho a conocerla.,Derecho a conocerla y deber de usarla.,Deber de conocerla y derecho a usarla.,D,Preguntas de Examenes Agente - Tema 1
TOPIC,1,Tema 1,168,168,Conforme determina la vigente Constitución Española:,"España se constituye en un Estado social y democrático de Derecho, que propugna como valores superiores de su ordenamiento jurídico la libertad, la justicia, la igualdad y el pluralismo político.","La Constitución garantiza el principio de soberanía, la jerarquía normativa, la publicidad de las normas, la retroactividad de las disposiciones sancionadoras no favorables o restrictivas de derechos individuales, la seguridad jurídica, la responsabilidad y la interdicción de la arbitrariedad de los poderes públicos.",La forma política del Estado español es la Monarquía representativa.,"La soberanía nacional reside en las Cortes Generales, del que emanan los poderes del Estado.",A,Preguntas de Examenes Agente - Tema 1
TOPIC,1,Tema 1,169,169,La Constitución se fundamenta en:,La Unidad de la Nación Española.,El compromiso de unidad de todos los pueblos y nacionalidades integrantes de la Nación Española.,La indisoluble unidad de la Nación Española.,La pluralidad de pueblos integrantes de la Nación Española.,C,Preguntas de Examenes Agente - Tema 1
TOPIC,1,Tema 1,170,170,Los artículos de la Constitución Española de 1978 se encuentran ordenados en:,"Un Título Preliminar, nueve Títulos, cuatro Disposiciones Adicionales, diez Disposiciones Transitorias, una Disposición Derogatoria y una Disposición Final.","Un Título Preliminar, diez Títulos, nueve Disposiciones Adicionales, cuatro Disposiciones Transitorias, una Disposición Derogatoria y una Disposición Final.","Un Título Preliminar, diez Títulos, cuatro Disposiciones Adicionales, nueve Disposiciones Transitorias, una Disposición Derogatoria y una Disposición Final.","Un Título Preliminar, diez Títulos, cuatro Disposiciones Adicionales, once Disposiciones Transitorias, una Disposición Derogatoria y una Disposición Final.",C,Preguntas de Examenes Agente - Tema 1
TOPIC,1,Tema 1,171,171,"Aprobada la reforma parcial de la Constitución, siempre que no afecte al Título Preliminar, a la Corona y a los derechos fundamentales y libertades públicas, será preceptiva su ratificación en referéndum:","Sí, es obligatoria.","Sí, cuando lo soliciten la mayoría de los miembros de cualquiera de las Cámaras.","Sí, cuando lo soliciten la mayoría absoluta de los miembros de cualquiera de las Cámaras.","No, salvo cuando lo soliciten una décima parte de los miembros de cualquiera de las Cámaras.",D,Preguntas de Examenes Agente - Tema 1
TOPIC,1,Tema 1,172,172,En qué artículo viene recogida la forma y los colores de la bandera de España:,Artículo 6 de la Constitución Española de 1978.,Artículo 5 de la Constitución Española de 1978.,Artículo 4 de la Constitución Española de 1978.,Ninguna de las anteriores respuestas es correcta.,C,Preguntas de Examenes Agente - Tema 1
TOPIC,1,Tema 1,173,173,El Preámbulo de la Constitución Española recoge:,"La proclamación de los principios, aspiraciones y valores que se quieren alcanzar.",Los derechos fundamentales de los españoles.,La voluntad popular.,Los principios básicos generales del Estatuto.,A,Preguntas de Examenes Agente - Tema 1
TOPIC,1,Tema 1,174,174,"Según la Constitución Española de 1978, España se constituye en:",Un Estado Social y Descentralizado de Derecho.,Un Estado Social y Democrático de Derecho.,"Un Estado laico, monárquico y de Derecho,.","Un Estado Social, Laico, Monárquico y de Derecho.",B,Preguntas de Examenes Agente - Tema 1
TOPIC,1,Tema 1,175,175,"El castellano es la lengua española oficial del estado y conforme la Constitución Española, todos los españoles tienen:",Derecho a conocerla y deber de usarla.,Derecho a conocerla.,Deber de conocerla y derecho a usarla.,Deber de usarla.,C,Preguntas de Examenes Agente - Tema 1
TOPIC,1,Tema 1,176,176,Diga qué frase es el artículo 4.1 de la Constitución Española de 1978:,"La bandera de España está formada por tres franjas horizontales, roja, amarilla y morada.","La bandera de España está formada por tres franjas horizontales, roja, amarilla y roja, siendo la amarilla de doble anchura que cada una de las rojas.","La bandera de España está formada por tres franjas horizontales, roja, amarilla y roja.","La bandera de España está formada por dos franjas horizontales, amarilla y roja.",B,Preguntas de Examenes Agente - Tema 1
TOPIC,1,Tema 1,177,177,El artículo 9 de la Constitución española se subdivide en tres párrafos. En el primero:,Se atribuye a los poderes públicos la facultad de promover las condiciones necesarias para que la libertad y la integridad de los individuos y de los grupos sean efectivas.,Todos los españoles y extranjeros están sujetos a la Constitución y al resto de las Leyes.,Se dispone que los ciudadanos y los poderes públicos están sujetos a la Constitución y al resto del ordenamiento jurídico.,Se garantiza el derecho al honor.,C,Preguntas de Examenes Agente - Tema 1
TOPIC,1,Tema 1,178,178,"Según la CE de 1978, a quién corresponde promover las condiciones para que la libertad y la igualdad del individuo y de los grupos en que se integra sean reales y efectivas:",Al Gobierno de la Nación.,Al Estado.,Al defensor del Pueblo.,A los poderes públicos.,D,Preguntas de Examenes Agente - Tema 1
TOPIC,1,Tema 1,179,179,"""España se constituye en un Estado social y democrático de Derecho, que propugna como valores superiores  de su ordenamiento jurídico la libertad, la justicia, la igualdad y el pluralismo político."" Esta definición de  España se encuentra recogida en el:",Artículo 5 de la Constitución Española de 1978.,Artículo 3 de la Constitución Española de 1978.,Artículo 2 de la Constitución Española de 1978.,Artículo 1 de la Constitución Española de 1978.,D,Preguntas de Examenes Agente - Tema 1
TOPIC,1,Tema 1,180,180,Qué principio de los regulados en el artículo 9.3 de la Constitución está conectado con lo regulado en el artículo 121 de la misma sobre los daños causados por error judicial:,El principio de interdicción de la arbitrariedad de los poderes públicos.,El principio de seguridad jurídica.,El principio de responsabilidad de los poderes públicos.,El principio de irretroactividad de las disposiciones sancionadoras.,C,Preguntas de Examenes Agente - Tema 1
TOPIC,1,Tema 1,181,181,La vigente Constitución española fue aprobada por su majestad el Rey el día:,1978-12-27 .,1978-10-31 .,"La constitución no es aprobada por el Rey, sino por el pueblo español el 6 de diciembre de 1978.","La constitución no es aprobada por el Rey, sino por el parlamento Español el 31 de Octubre de 1978.",D,Preguntas de Examenes Agente - Tema 1
TOPIC,1,Tema 1,182,182,"Tal y como establece el artículo 4.1 de la Constitución Española de 1978, la bandera de España está formada por:","Tres franjas horizontales, roja amarilla y roja, siendo la amarilla de doble anchura que cada una de las rojas.","Tres franjas horizontales, amarilla, roja y amarilla, siendo la roja de doble anchura que cada una de las amarillas.","Tres franjas horizontales, roja amarilla y morada, siendo todas ellas del mismo grosor y anchura.","Tres franjas horizontales, roja amarilla y roja, siendo la amarilla de triple anchura que cada una de las rojas.",A,Preguntas de Examenes Agente - Tema 1
TOPIC,1,Tema 1,183,183,"La Constitución se fundamenta en la indisoluble unidad de la nación española, pero al mismo tiempo:",Reconoce el derecho a la autonomía de las nacionalidades que la integran.,Garantiza el derecho a la autonomía de las regiones que la integran.,Reconoce y garantiza el derecho a la autonomía de las nacionalidades y regiones que la integran.,Reconoce y garantiza el derecho a la autonomía de las Comunidades Autónomas que la integran.,C,Preguntas de Examenes Agente - Tema 1
TOPIC,1,Tema 1,184,184,Para iniciar el procedimiento de reforma de la Constitución se excluye la iniciativa:,Del Gobierno de la Nación.,Del Congreso de los Diputados.,Del Senado.,La iniciativa popular.,D,Preguntas de Examenes Agente - Tema 1
TOPIC,1,Tema 1,185,185,La Constitución reconoce y garantiza el derecho a:,La autonomía de las nacionalidades y regiones que la integran y la solidaridad entre todas ellas.,"La Justicia, La Igualdad y el pluralismo político.",La Indisoluble unidad de la Nación Española.,La soberanía nacional de la que emanan los poderes del Estado.,A,Preguntas de Examenes Agente - Tema 1
TOPIC,1,Tema 1,186,186,"La CE, hace referencia en su artículo 4.2:",A las enseñas de las Comunidades Autónomas.,A las banderas de otras entidades menores como las municipales.,Al himno nacional.,Al escudo de España.,A,Preguntas de Examenes Agente - Tema 1
TOPIC,1,Tema 1,187,187,De acuerdo con lo establecido en la Constitución Española:,Los Estatutos de Autonomía no podrán reconocer banderas y enseñas propias de las Comunidades Autónomas.,Un Decreto-ley regulará las bases de las organización militar.,La Constitución se fundamenta en la disoluble unidad de la Nación española.,Ninguna es correcta.,D,Preguntas de Examenes Agente - Tema 1
TOPIC,1,Tema 1,188,188,De acuerdo con la Constitución Española de 1978 la soberanía nacional:,Reside en los ciudadanos mayores de edad.,Reside en el pueblo español.,Reside en el Rey.,Reside en el Congreso y en el Senado.,B,Preguntas de Examenes Agente - Tema 1
TOPIC,1,Tema 1,189,189,Cuál de los siguientes es considerado por la CE como uno de los valores superiores del ordenamiento jurídico:,La jerarquía normativa.,El pluralismo político.,La publicidad normativa.,La equidad.,B,Preguntas de Examenes Agente - Tema 1
TOPIC,1,Tema 1,190,190,La Constitución Española reconoce y garantiza el derecho a la autonomía:,De las nacionalidades históricas que la Integran.,De las regiones que la integran.,De las comunidades autónomas que la integran.,De las nacionalidades y regiones que la integran.,D,Preguntas de Examenes Agente - Tema 1
TOPIC,1,Tema 1,191,191,"Según el artículo 166 de la Constitución Española de 1978, en relación con el artículo 87 del mismo texto jurídico, la iniciativa de reforma constitucional corresponde a:",Solamente al Gobierno.,"A las asambleas legislativas de las Comunidades Autónomas, solicitando al Gobierno la adopción de un proyecto de ley al respecto, entre otros.",Solamente al Congreso de los Diputados y/o al Senado.,Ninguna de las anteriores es cierta.,B,Preguntas de Examenes Agente - Tema 1
TOPIC,1,Tema 1,192,192,La Constitución Española establece en su artículo 9 que:,Los ciudadanos y los poderes públicos no están sujetos a la Constitución y al resto del ordenamiento jurídico.,Los ciudadanos y los poderes públicos están sujetos a la Constitución y al resto del ordenamiento jurídico.,Los ciudadanos están sujetos a la Constitución y al resto del ordenamiento jurídico y los poderes públicos no.,Los poderes públicos están sujetos a la Constitución y al resto del ordenamiento jurídico y los ciudadanos no.,B,Preguntas de Examenes Agente - Tema 1
TOPIC,1,Tema 1,193,193,La Irretroactividad de las leyes según la Constitución se garantiza:,En disposiciones no sancionadoras favorables y restrictivas de derechos individuales.,En disposiciones sancionadoras no favorables o restrictivas de derechos individuales.,En las disposiciones no favorables o restrictivas de derechos.,En disposiciones favorables no restrictivas de derechos individuales.,B,Preguntas de Examenes Agente - Tema 1
TOPIC,1,Tema 1,194,194,La Constitución se fundamenta en:,La autonomía de la Nación española.,La imprescindible unidad de la Nación española.,La indisoluble unidad de la Nación española.,Ninguna de las contestaciones anteriores es correcta.,C,Preguntas de Examenes Agente - Tema 1
TOPIC,1,Tema 1,195,195,La bandera de España está formada por tres franjas horizontales:,"Roja, amarilla y roja, siendo la amarilla de doble anchura que cada una de las rojas.","Roja, gualda y roja, siendo la gualda de doble anchura que cada una de las rojas.","Roja, amarilla y roja de igual anchura cada una de ellas.","Roja, gualda y roja de igual anchura cada una de ellas.",A,Preguntas de Examenes Agente - Tema 1
TOPIC,1,Tema 1,196,196,"La mayoría de dos tercios de cada una de las Cámaras, para adoptar una reforma constitucional que propusiere la revisión total, será aplicable también a:","Una parcial que afecte al Título Preliminar, al Capítulo II, Sección Segunda del Título I, al Título II o al Título VIII.","Un parcial que afecte al Preámbulo, al Título Preliminar, al Título I,  o al Título II.","Una parcial que afecte al Título Preliminar, al Capítulo II, Sección I del Título I o  al Título II.",Únicamente será necesaria esa mayoría en caso de una revisión total de la Constitución.,C,Preguntas de Examenes Agente - Tema 1
TOPIC,1,Tema 1,197,197,El castellano es la lengua oficial del Estado y todos los españoles tienen respecto de la misma:,El derecho a conocerlo.,El deber de conocerla y el derecho a usarla.,La obligación de utilizarla.,El deber de utilizarla como lengua oficial.,B,Preguntas de Examenes Agente - Tema 1
TOPIC,1,Tema 1,198,198,"Las bases de la organización militar, conforme a los principios de la Constitución, deberán regularse mediante:",Ley orgánica.,Ley ordinaria.,Ley de Bases.,Decreto Ley.,A,Preguntas de Examenes Agente - Tema 1
TOPIC,1,Tema 1,199,199,"Dentro de la estructura de la Constitución Española de 1978, la parte orgánica:",Comprende el Título Preliminar y el Título I.,"Establece cuáles son, cómo se forman y que poderes ejercen los órganos fundamentales del Estado.",Establece cuales son los derechos fundamentales de los ciudadanos.,Ninguna es correcta.,B,Preguntas de Examenes Agente - Tema 1
TOPIC,1,Tema 1,200,200,De acuerdo con lo establecido en la Constitución Española:,Los Estatutos de Autonomía no podrán reconocer banderas y enseñas propias de las Comunidades Autónomas.,Una ley orgánica regulará las bases de las organización militar.,La soberanía nacional reside en las Cortes Generales.,Ninguna es correcta.,B,Preguntas de Examenes Agente - Tema 1
TOPIC,1,Tema 1,201,201,"Dentro del contenido y la estructura de la Constitución española, el derecho de todos los españoles de disfrutar de una vivienda digna y adecuada se ubica:",En el capítulo I del Título I.,En el capítulo II del Título I.,En el capítulo III del Título I.,En el capítulo IV del Título I.,C,Preguntas de Examenes Agente - Tema 1
TOPIC,1,Tema 1,202,202,"De conformidad con el artículo 9 de la Constitución Española, corresponde a los Poderes Públicos:",Se prohíbe la arbitrariedad y la interdicción de los Poderes Públicos.,Los Poderes Públicos están sometidos al ordenamiento jurídico.,Promover las condiciones para que la libertad y la igualdad del individuo y de los grupos en los que se integra sean reales y efectivas.,Promover la igualdad de los individuos y los grupos en los que se integra.,C,Preguntas de Examenes Agente - Tema 1
TOPIC,1,Tema 1,203,203,"Según la Constitución Española, señala a quién corresponde la iniciativa para la reforma constitucional:",Al Gobierno y al Congreso y a la iniciativa popular.,"Al Gobierno, al Congreso y al Senado.","Al Presidente del Gobierno, al Congreso, al Senado y al órgano ejecutivo superior de las Comunidades Autónomas.","Al Gobierno, al Congreso, al Senado y a las Asambleas Legislativas de las Comunidades Autónomas.",D,Preguntas de Examenes Agente - Tema 1
TOPIC,1,Tema 1,204,204,La Constitución Española de 1978 fue:,"Aprobada por las Cortes en sesiones plenarias del Congreso de los Diputados y del Senado celebradas el 30 de octubre de 1978; ratificada por el pueblo español en referéndum de 6 de diciembre de 1978, y sancionada por S.M. EI Rey ante las Cortes el 27 de diciembre de 1978.","Aprobada por las Cortes en sesiones plenarias del Congreso de los Diputados y del Senado celebradas el 30 de octubre de 1978; ratificada por el pueblo español en referéndum de 6 de diciembre de 1978, y sancionada por S.M. El Rey ante las Cortes el 28 de diciembre de 1978.","Aprobada por las Cortes en sesiones plenarias del Congreso de los Diputados y del Senado celebradas el 31 de octubre de 1978; ratificada por el pueblo español en referéndum de 6 de diciembre de 1978, y sancionada por S.M. El Rey ante las Cortes el 27 de diciembre de 1978.",Ninguna de las respuestas anteriores es válida.,C,Preguntas de Examenes Agente - Tema 1
TOPIC,1,Tema 1,205,205,"Según la Constitución, los partidos políticos (indique la respuesta falsa):",Son instrumentos fundamentales para la participación política.,Su creación debe ser aprobada por las Cortes Generales a través de Ley Orgánica de Régimen Electoral General.,Su estructura interna y funcionamiento deberán ser democráticos.,Expresan el pluralismo político.,B,Preguntas de Examenes Agente - Tema 1
TOPIC,1,Tema 1,206,206,A qué están sujetos los poderes públicos y los ciudadanos (artículo 9 Constitución española):,A la Constitución y a la ley.,A la ley y al ordenamiento jurídico.,A la Constitución y al resto del ordenamiento jurídico.,"A la Constitución, a la ley y al resto del ordenamiento jurídico.",C,Preguntas de Examenes Agente - Tema 1
TOPIC,1,Tema 1,207,207,Cuál de los siguientes principios no garantiza la Constitución Española en su artículo nueve:,La publicidad de normas.,La responsabilidad.,La irretroactividad de las disposiciones sancionadoras.,Todas los citados son principios que garantiza la Constitución Española en su  artículo nueve.,C,Preguntas de Examenes Agente - Tema 1
TOPIC,1,Tema 1,208,208,"Si se pretendiera reformar el Título VIII de la Constitución, qué quórum de votación por parte de ambas Cámaras sería necesario:",Mayoría de tres quintos.,Mayoría de dos tercios.,Mayoría simple.,Mayoría absoluta.,A,Preguntas de Examenes Agente - Tema 1
TOPIC,1,Tema 1,209,209,"Un proyecto de reforma parcial de la constitucional, cuando no afecte a las materias especialmente protegidas, deberá ser aprobado inicialmente:",Por mayoría de 3/5 de cada una de las Cámaras.,Por mayoría de 2/3 del Senado.,Por mayoría de 2/3 de cada Cámara.,Por mayoría de 3/5 del Congreso.,A,Preguntas de Examenes Agente - Tema 1
TOPIC,1,Tema 1,210,210,"En cuanto a la reforma constitucional prevista en el artículo 168 de la Constitución Española, qué artículo del Reglamento del Senado establece que la nueva Cámara que resulte elegida deberá ratificar por mayoría absoluta de sus miembros la reforma propuesta:",Artículo 158.,Artículo 159.,Artículo 160.,Artículo 161.,B,Preguntas de Examenes Agente - Tema 1
TOPIC,1,Tema 1,211,211,Señala la respuesta correcta en lo referente a la reforma constitucional:,"Los proyectos de reforma constitucional deberán ser aprobados por una mayoría de tres quintos de cada una de las Cámaras. Si no hubiera acuerdo entre ambas, se intentará obtenerlo mediante la creación de una Comisión de composición paritaria de Diputados y Senadores, que presentará un texto que será votado por el Congreso y el Senado.","Los proyectos de reforma constitucional deberán ser aprobados por una mayoría de dos quintos de cada una de las Cámaras. Si no hubiera acuerdo entre ambas, se intentará obtenerlo mediante la creación de una Comisión de composición paritaria de Diputados y Senadores, que presentará un texto que será votado por el Congreso y el Senado.","Aprobada la reforma por las Cortes Generales, será sometida a dictamen de la Comisión Europea para su ratificación.",Todas las respuestas anteriores son falsas.,A,Preguntas de Examenes Agente - Tema 1
TOPIC,1,Tema 1,212,212,En cuál de estas materias cabe delegación de las Cámaras en las Comisiones Legislativas Permanentes:,Reforma constitucional.,Aprobación de los Presupuestos Generales del Estado.,Aprobación de leyes tributarias.,Cuestiones internacionales.,C,Preguntas de Examenes Agente - Tema 1
TOPIC,2,Tema 2,1,1,La reforma del Título II de la Constitución o de parte del mismo:,Deberá ser propuesta por el Rey como titular de la Corona.,Deberá tramitarse por el procedimiento previsto en el artículo 168 de la Constitución.,Deberá ser propuesta y aprobada por el Congreso de los Diputados y el Senado en sesión conjunta de ambas Cámaras.,Ninguna de las anteriores respuestas es correcta.,B,Preguntas de Examenes Agente - Tema 2
TOPIC,2,Tema 2,2,2,La monarquía en España es:,Constitucional.,Limitada.,Parlamentaria.,Absoluta.,C,Preguntas de Examenes Agente - Tema 2
TOPIC,2,Tema 2,3,3,De acuerdo con el artículo 1.3 de la Constitución la monarquía parlamentaria en el Estado español es:,La clase de gobierno.,La forma política del Estado.,La forma de gobierno.,La clase de gobierno.,B,Preguntas de Examenes Agente - Tema 2
TOPIC,2,Tema 2,4,4,"Con respecto del Estado, el Rey es símbolo de:",Su unidad y permanencia.,Su monopolio del ejercicio de la violencia.,Su grandeza y unidad.,Su fortaleza y permanencia.,A,Preguntas de Examenes Agente - Tema 2
TOPIC,2,Tema 2,5,5,"El Príncipe heredero prestará el mismo juramento que el Rey, así como el de fidelidad a éste:",Al tomar posesión del cargo.,Al alcanzar la mayoría de edad.,Cuando se produzca el hecho que origine el llamamiento.,Al hacerse cargo de sus funciones.,B,Preguntas de Examenes Agente - Tema 2
TOPIC,2,Tema 2,6,6,La forma política del Estado español es:,La democracia.,La monarquía parlamentaria.,La monarquía democrática.,El Estado unitario descentralizado.,B,Preguntas de Examenes Agente - Tema 2
TOPIC,2,Tema 2,7,7,"La justicia, según la Constitución Española de 1978, emana de:",El poder judicial.,El Rey.,Los jueces y magistrados.,El pueblo.,D,Preguntas de Examenes Agente - Tema 2
TOPIC,2,Tema 2,8,8,"Con respecto al juramento de fidelidad al Rey que debe hacer el Príncipe heredero, que ha previsto la Constitución Española en su artículo 61, para los casos en los que se accede a esta condición siendo menor de edad:",Que se preste dicho juramento al hacerse cargo de tal condición.,La Constitución no ha previsto nada para esos supuestos.,Que se preste tal juramento cuando se produzca el llamamiento.,Que no es necesario prestar tal juramento.,B,Preguntas de Examenes Agente - Tema 2
TOPIC,2,Tema 2,9,9,Los principios fundamentales que rigen la monarquía parlamentaria son:,El Rey es el Jefe del Estado.,El Reina pero no gobierna.,El Rey es inviolable.,Todas las respuestas son correctas.,D,Preguntas de Examenes Agente - Tema 2
TOPIC,2,Tema 2,10,10,"De las siguientes autoridades, señala cuál no refrendará nunca ningún acto del titular de la Corona:",Presidente del Gobierno.,Presidente del Congreso.,Presidente del Tribunal Constitucional.,Ministro de Hacienda y Función Pública.,C,Preguntas de Examenes Agente - Tema 2
TOPIC,2,Tema 2,11,11,"El Rey, además de las funciones que expresamente tiene atribuidas en la Constitución y las Leyes, puede asumir:",Las funciones que le encomiende el Gobierno.,Las funciones que le encomiende el Presidente del Gobierno.,Las funciones que le encomiende el Congreso.,No puede asumir otras funciones.,D,Preguntas de Examenes Agente - Tema 2
TOPIC,2,Tema 2,12,12,De los actos del Rey serán responsables:,Las personas que los refrenden.,El Rey.,El gobierno.,Las Cortes Generales.,A,Preguntas de Examenes Agente - Tema 2
TOPIC,2,Tema 2,13,13,"EI tratamiento y honores del Rey, al igual que el de la Familia Real y de los Regentes, se contiene en:",La Constitución.,"El Real Decreto 761/86, de 6 de noviembre.","El Real Decreto 1368/87, de 6 de noviembre.",Ninguna de las respuestas anteriores es correcta.,C,Preguntas de Examenes Agente - Tema 2
TOPIC,2,Tema 2,14,14,"Según el Estatuto de Autonomía de la Comunitat Valenciana, el President de la Generalitat será elegido por Les Corts de entre sus miembros y nombrado por el Rey:",Artículo 25.,Artículo 26.,Artículo 27.,Ninguno.,C,Preguntas de Examenes Agente - Tema 2
TOPIC,2,Tema 2,15,15,Quién representa la Jefatura del Estado Español:,El Presidente del Gobierno.,Jefe del Estado Mayor.,Rey.,Primer ministro.,C,Preguntas de Examenes Agente - Tema 2
TOPIC,2,Tema 2,16,16,"Diga cuál de las siguientes afirmaciones es incorrecta, respecto de los miembros del Tribunal Constitucional conforme a lo establecido en el Art.159 de la Constitución Española de 1978:","Los miembros del Tribunal Constitucional deberán ser nombrados entre Magistrados y Fiscales, Profesores de Universidad, funcionarios públicos y Abogados, todos ellos juristas de reconocida competencia con más de quince años de ejercicio profesional.",Los miembros del Tribunal Constitucional serán designados por un período de nueve años y se renovarán por terceras partes cada dos.,El Tribunal Constitucional se compone de 12 miembros nombrados por el Rey.,Los miembros del Tribunal Constitucional serán independientes e inamovibles en el ejercicio de su mandato.,B,Preguntas de Examenes Agente - Tema 2
TOPIC,2,Tema 2,17,17,Corresponde al Rey según la Constitución:,Sancionar y promulgar las leyes.,"Nombrar y separar los miembros del Gobierno, a propuesta de su Presidente.","Ser informado de los asuntos de Estado y presidir, a estos efectos, las sesiones del Consejo de Ministros cuando lo estime oportuno, a petición del Presidente del Gobierno.",Todas son correctas.,D,Preguntas de Examenes Agente - Tema 2
TOPIC,2,Tema 2,18,18,"Si el Rey se inhabilitare para el ejercicio de su autoridad y la imposibilidad fuere reconocida por las Cortes Generales, puede el Príncipe Heredero, pasar a ejercer la Regencia:","No, en ningún caso.",Sólo si es mayor de edad en el momento en que se produzca el llamamiento.,"Sí, en cualquier caso.",La Constitución lo excluye expresamente en su artículo 62.,B,Preguntas de Examenes Agente - Tema 2
TOPIC,2,Tema 2,19,19,"El Fiscal General del Estado será nombrado por el Rey, a propuesta:",Del Consejo General del Poder Judicial.,Del Gobierno.,Del Congreso de los Diputados.,De las Cortes Generales.,B,Preguntas de Examenes Agente - Tema 2
TOPIC,2,Tema 2,20,20,Qué ley orgánica regula la abdicación de su majestad el Rey Don Juan Carlos I de Borbón :,La Ley Ordinaria 2/2014 de 18 de junio.,La Ley Orgánica 2/2014 de 18 de junio.,La Ley Orgánica 3/2014 de 18 de junio.,La Ley Orgánica 4/2014 de 18 de junio.,C,Preguntas de Examenes Agente - Tema 2
TOPIC,2,Tema 2,21,21,La Monarquía en España se considera una institución:,Hereditaria.,Legítima.,Dinástica.,Todas son correctas.,D,Preguntas de Examenes Agente - Tema 2
TOPIC,2,Tema 2,22,22,La propuesta del Rey de candidato a la Presidencia del Gobierno de la Nación se canaliza a través del:,Presidente del Congreso de los Diputados.,Gobierno en Pleno.,Senado y Congreso de los Diputados.,Ninguna es correcta ya que el Rey no realiza dicha propuesta.,A,Preguntas de Examenes Agente - Tema 2
TOPIC,2,Tema 2,23,23,La Constitución establece con respecto al régimen de sucesión a la Corona:,Que las mujeres no pueden reinar.,"Que en el mismo grado, se prefiere a la persona de más edad.","Que en el mismo grado, se prefiere el varón a la mujer.","Que el trono se defiere al primogénito, sea varón o mujer.",C,Preguntas de Examenes Agente - Tema 2
TOPIC,2,Tema 2,24,24,"Conforme a lo dispuesto por el Título II de la CE en el artículo 62, cuál de las siguientes funciones no corresponde al Rey de España:",Convocar a referéndum en los casos previstos en la Constitución.,El mando supremo de las Fuerzas Armadas.,Declarar la guerra a otro Estado cuando concurriesen causas de peligro nacional.‬‎.,"Nombrar y separar a los miembros del Gobierno, a propuesta de su Presidente.",C,Preguntas de Examenes Agente - Tema 2
TOPIC,2,Tema 2,25,25,"Según lo establecido en la Constitución Española, el tutor del Rey puede ser designado por:",La persona más próxima en el orden sucesorio.,El Gobierno.,Las Cortes Generales.,El Rey difunto en su testamento.,D,Preguntas de Examenes Agente - Tema 2
TOPIC,2,Tema 2,26,26,El Rey ejerce las funciones:,Que establece las propias normas de la casa real.,Que establece expresamente las leyes del estado.,Que expresamente le atribuya la Constitución y las leyes.,Que expresamente le atribuya el gobierno de la nación.,C,Preguntas de Examenes Agente - Tema 2
TOPIC,2,Tema 2,27,27,"Según la Constitución Española de 1978, la disolución de las Cámaras corresponde:",Al Presidente del Gobierno previa deliberación del Consejo de Ministros.,Al Rey a propuesta del Presidente del Gobierno previa deliberación del Consejo de Estado.,Al Presidente de cada Cámara a propuesta del Presidente del Gobierno previa deliberación con el Consejo de Ministros.,Al Rey a propuesta del Presidente del Gobierno y previa deliberación del Consejo de Ministros.,D,Preguntas de Examenes Agente - Tema 2
TOPIC,2,Tema 2,28,28,Los actos del Rey son refrendados por:,El jefe de protocolo de la Casa Real.,"El Presidente del gobierno y, en caso, los ministros.",Los actos del Rey no necesitan nunca refrendo.,Las Cortes Generales a través de una Ley Orgánica.,B,Preguntas de Examenes Agente - Tema 2
TOPIC,2,Tema 2,29,29,Los ministros y otros miembros del Gobierno son nombrados y separados:,Por el Presidente del gobierno a propuesta del Consejo de Ministros.,"Por el Rey, a propuesta del Presidente de Gobierno.",Por el Presidente de Gobierno.,Por el Presidente del Congreso de los diputados a propuesta del presidente del Gobierno.,B,Preguntas de Examenes Agente - Tema 2
TOPIC,2,Tema 2,30,30,El Rey asume la más alta representación del Estado español:,En todo tipo de relaciones de carácter público.,En determinadas relaciones internacionales.,"En las relaciones internacionales, especialmente con las naciones de su comunidad histórica.",Ninguna es correcta.,C,Preguntas de Examenes Agente - Tema 2
TOPIC,2,Tema 2,31,31,El nombramiento de los presidentes de las Comunidades Autónomas corresponde:,Al Rey con el refrendo del Presidente del Gobierno.,A las Asambleas Legislativas de las Comunidades Autónomas.,A las Cortes Generales.,Al Presidente del Gobierno con el refrendo del Rey.,A,Preguntas de Examenes Agente - Tema 2
TOPIC,2,Tema 2,32,32,La forma política del Estado español es:,Democracia parlamentaria.,Gobierno parlamentario.,Monarquía parlamentaria.,República democrática.,C,Preguntas de Examenes Agente - Tema 2
TOPIC,2,Tema 2,33,33,"El Rey recibe de los Presupuestos del Estado una cantidad global para el sostenimiento de su Familia y su Casa, cuya distribución será realizada por:",El Presidente del Gobierno.,El Rey libremente.,El Rey con el refrendo del Presidente del Gobierno.,El Rey con el refrendo del Presidente del Congreso.,B,Preguntas de Examenes Agente - Tema 2
TOPIC,2,Tema 2,34,34,Señala la respuesta correcta:,Los actos del Rey serán refrendados por los Ministros competentes.,De los actos del Rey será responsable el mismo y las personas que los refrenden.,De los actos del Rey será responsable el mismo.,De los actos del Rey serán responsables las personas que los refrenden.,D,Preguntas de Examenes Agente - Tema 2
TOPIC,2,Tema 2,35,35,El Presidente del Gobierno:,Es nombrado por las Cortes Generales.,Es nombrado por el Rey.,"Es nombrado por los ciudadanos a través de sufragio universal, libre, directo y secreto.",Es nombrado por el Tribunal constitucional.,B,Preguntas de Examenes Agente - Tema 2
TOPIC,2,Tema 2,36,36,Señala la respuesta correcta:,"Los actos del Rey serán refrendados por el Presidente del Gobierno y, en su caso, por los Ministros competentes. La propuesta y el nombramiento del Presidente del Gobierno, y la disolución prevista en el artículo 99, serán refrendados por el Presidente del Congreso.","Los actos del Rey serán refrendados por el Presidente del Gobierno y, en su caso, por los Ministros competentes. La propuesta y el nombramiento del Presidente del Gobierno, y la disolución prevista en el artículo 98, serán refrendados por el Presidente del Congreso.","Los actos del Rey serán refrendados por el Presidente del Gobierno y, en su caso, por los Ministros competentes. La propuesta y el nombramiento del Presidente del Gobierno, y la disolución prevista en el artículo 97, serán refrendados por el Presidente del Congreso.","Los actos del Rey serán refrendados por el Presidente del Gobierno y, en su caso, por los Ministros competentes. La propuesta y el nombramiento del Presidente del Gobierno, y la disolución prevista en el artículo 96, serán refrendados por el Presidente del Congreso.",A,Preguntas de Examenes Agente - Tema 2
TOPIC,2,Tema 2,37,37,Corresponde al Rey:,Convocar y disolver las Cortes Generales y convocar elecciones en los términos previstos en la Constitución.,"Ejercer el derecho de gracia con arreglo a la ley, que no podrá autorizar indultos generales.",Ambas respuestas son falsas.,Ambas respuestas son correctas.,D,Preguntas de Examenes Agente - Tema 2
TOPIC,2,Tema 2,38,38,"La Corona de España viene regulada en la Constitución de 1978 con al epígrafe, De la Corona:",En el Preámbulo.,En el Título Preliminar.,En el Título II.,En el Título III.,C,Preguntas de Examenes Agente - Tema 2
TOPIC,2,Tema 2,39,39,"Cuál es la forma política del Estado Español, según la Constitución Española de 1977: (señala la respuesta que concuerde con mayor precisión al postulado enunciado):",Monarquía parlamentaria.,Monarquía Federal.,Para la pregunta formulada y en función de las anteriores respuestas debe revisarse la formulación realizada.,Monarquía absoluta.,C,Preguntas de Examenes Agente - Tema 2
TOPIC,2,Tema 2,40,40,"En la sucesión al trono, en la misma línea se prefiere:",Siempre la línea anterior a las posteriores.,El varón a la mujer.,La persona de más edad a la de menos.,El grado más próximo al más remoto.,D,Preguntas de Examenes Agente - Tema 2
TOPIC,2,Tema 2,41,41,"Conforme establece el artículo 57 de la Constitución Española, cualquier duda de hecho o de derecho que ocurra en el orden de sucesión a la Corona se  resolverán por:",Una ley orgánica.,Una ley ordinaria.,Las Cortes Generales.,El Presidente del Gobierno.,A,Preguntas de Examenes Agente - Tema 2
TOPIC,2,Tema 2,42,42,Indique qué Real Decreto que regula el régimen de títulos y denominaciones que corresponden al heredero de la Corona:,"R.D. 24/1977, de 21 de enero.","R.D. 34/1977, de 21 de enero.","R.D. 44/1977, de 21 de enero.","R.D. 54/1977, de 21 de enero.",D,Preguntas de Examenes Agente - Tema 2
TOPIC,2,Tema 2,43,43,"Con respecto a la sucesión en la Corona de España, la abdicación comporta:",Ceder los derechos sucesorios en un grado del orden regular.,Ceder los derechos sucesorios al siguiente en la línea de sucesión.,Ceder los derechos sucesorios del varón con respecto a la mujer.,Ceder los derechos sucesorios a otra casa real.,B,Preguntas de Examenes Agente - Tema 2
TOPIC,2,Tema 2,44,44,Cuál es el único supuesto de discriminación por razón de sexo previsto en la Constitución Española:,La desigualdad en la composición las listas electorales en las elecciones generales.,La desigualdad entre los hijos e hijas habidos dentro o fuera del matrimonio.,La preferencia del varón en el orden de sucesión en la Corona.,La desigualdad de la mujer en el acceso a ciertos puestos en el Ejército Profesional.,C,Preguntas de Examenes Agente - Tema 2
TOPIC,2,Tema 2,45,45,"Según la Constitución, respecto a la Corona, no es cierto que:","La sucesión en el trono seguirá el orden regular de primogenitura y  representación, siendo preferida siempre la línea anterior a las posteriores; en la misma  línea, el grado más próximo al más remoto; en el mismo grado, la persona de más edad  a la de menos.","El Príncipe heredero, desde su nacimiento o desde que se produzca el hecho que origine el llamamiento, tendrá la dignidad de Príncipe de Asturias.",Las abdicaciones y renuncias y cualquier duda de hecho o de derecho que ocurra en el orden de sucesión a la Corona se resolverán por una ley orgánica.,"Extinguidas todas las líneas llamadas en Derecho, las Cortes Generales proveerán a la sucesión en la Corona en la forma que más convenga a los intereses de España.",A,Preguntas de Examenes Agente - Tema 2
TOPIC,2,Tema 2,46,46,"En una monarquía parlamentaria, el peso de las decisiones políticas corresponde:",Al Rey.,Al Parlamento.,Al Gobierno.,Al Poder Judicial.,B,Preguntas de Examenes Agente - Tema 2
TOPIC,2,Tema 2,47,47,"De acuerdo con el artículo 57 de la Constitución Española, en relación con la institución de la Corona de España, las abdicaciones y renuncias y cualquier duda de hecho o de derecho que ocurra en el orden de sucesión a la Corona se resolverán:","Por las Cortes Generales, oído el Consejo de Ministros.","Por las Cortes Generales, por mayoría de dos tercios de cada cámara.","Por las Cortes Generales, oído el Consejo de Estado.",Por una ley orgánica de las Cortes Generales.,D,Preguntas de Examenes Agente - Tema 2
TOPIC,2,Tema 2,48,48,Cual de estas afirmaciones es correcta:,"El Rey, previa consulta con los representantes designados por los Grupos políticos con representación y a través del presidente del senado, propondrá un candidato a la Presidencia del Gobierno.",El candidato propuesto será elegido presidente si en primera votación se alcanza la mayoría simple de los miembros del congreso.,"Si transcurrido tres meses a partir de la primera votación ningún candidato obtiene la confianza del congreso, el Rey disolverá las cámaras y convocará nuevas elecciones.",Todas son falsas.,D,Preguntas de Examenes Agente - Tema 2
TOPIC,2,Tema 2,49,49,En cuál de los siguientes casos es imprescindible ser español de nacimiento:,Para ejercer la Regencia.,Para ejercer la tutela testamentaria.,Para ser proclamado Rey.,Para ejercer la Regencia y la tutela testamentaria.,B,Preguntas de Examenes Agente - Tema 2
TOPIC,2,Tema 2,50,50,El nombramiento por parte del Rey del Presidente del Gobierno será refrendado por:,El Presidente de las Cortes Generales.,El Presidente del Congreso de los Diputados.,Por el Presidente del Senado.,Por el Jefe de la Casa del Rey.,B,Preguntas de Examenes Agente - Tema 2
TOPIC,2,Tema 2,51,51,La designación de Don Juan Carlos de Borbón como sucesor a título de Rey en la Jefatura del Estado se produce:,En el año 1947 tras la promulgación de la Ley de Sucesión a la Jefatura del Estado donde se define por primera vez a España como un Reino.,"En el año 1969 cuando de acuerdo con la Ley de Sucesión, Franco propone a las Cortes y éstas aceptan la designación de Don Juan Carlos como su sucesor a título de Rey en la Jefatura del Estado.",Tras el fallecimiento del general Franco y su proclamación como Rey de España el 22 de noviembre de 1975.,Tras el referéndum de la Ley para la Reforma Política en el año 1976 donde se legitima democráticamente la institución de la Corona.,B,Preguntas de Examenes Agente - Tema 2
TOPIC,2,Tema 2,52,52,Señala la respuesta correcta:,"Extinguidas las líneas llamadas en Derecho, las Cortes Generales proveerán a la sucesión en la Corona de la forma que más convenga a los intereses de España.",Las abdicaciones y renuncias y cuantas dudas surjan en el orden sucesorio serán reguladas por una ley orgánica.,Ambas respuestas son correctas.,Ambas respuestas son falsas.,C,Preguntas de Examenes Agente - Tema 2
TOPIC,2,Tema 2,53,53,"Entre las funciones del Rey, se encuentra:","Ser informado de los asuntos de Estado y presidir, a estos efectos, las sesiones del Consejo de Ministros, cuando lo estime oportuno, a petición del Presidente del Gobierno.","Ser informado de los asuntos de Estado y presidir, a estos efectos, las sesiones del Consejo de Ministros, en todo caso, a petición del Presidente del Gobierno.","Ser informado de los asuntos de la Corona y presidir, a estos efectos, las sesiones del Consejo de Ministros, cuando lo estime oportuno.","Ser informado de los asuntos de la Corona y presidir, a estos efectos, las sesiones del Consejo de Ministros, en todo caso.",A,Preguntas de Examenes Agente - Tema 2
TOPIC,2,Tema 2,54,54,La forma política del Estado español es:,La monarquía absoluta.,La república federal.,La monarquía federal.,La monarquía parlamentaria.,D,Preguntas de Examenes Agente - Tema 2
TOPIC,2,Tema 2,55,55,En qué artículos del código penal están recogidos los delitos contra la corona:,Del 482 al 490.,Del 485 al 491.,Del 486 al 495.,Del 483 al 493.,B,Preguntas de Examenes Agente - Tema 2
TOPIC,2,Tema 2,56,56,En relación con lo establecido en el Título II de la Constitución Española sobre la Corona. señala la respuesta incorrecta:,"Si no hubiere ninguna persona a quien corresponda la Regencia, ésta será nombrada por las Cortes Generales, y se compondrá de una, tres o cinco personas.",Las abdicaciones y renuncias y cualquier duda de hecho o de derecho que ocurra en el orden de sucesión a la Corona se resolverán por las Cortes Generales.,"El Rey, al ser proclamado ante las Cortes Generales, prestará juramento de desempeñar fielmente sus funciones, guardar y hacer guardar la Constitución y las leyes y respetar los derechos de los ciudadanos y de las Comunidades Autónomas.","Aquellas personas que teniendo derecho a la sucesión en el trono contrajeren matrimonio contra la expresa prohibición del Rey y de las Cortes Generales, quedarán excluidas en la sucesión a la Corona por sí y sus descendientes.",B,Preguntas de Examenes Agente - Tema 2
TOPIC,2,Tema 2,57,57,Según el art 60 de la Constitución Española será tutor del Rey menor:,"La persona que en su testamento hubiese nombrado el Rey difunto, siempre que sea mayor de edad y español de nacimiento.",La persona que designe el Congreso de los Diputados.,"El pariente mayor de edad más próximo a suceder en la Corona, según el orden establecido en la Constitución.",Ninguna de las anteriores respuestas es correcta.,A,Preguntas de Examenes Agente - Tema 2
TOPIC,2,Tema 2,58,58,"Conforme a lo previsto en el artículo 57.3 de la Constitución Española, extinguidas todas las líneas llamadas en Derecho:",Pasará a ejercer la regencia el príncipe mayor de edad.,Las Cortes Generales proveerán a la sucesión en la Corona mediante ley.,Las Cortes Generales proveerán a la sucesión en la Corona en la forma que más convenga a los intereses de España.,Se disolverán las Cortes y se convocarán nuevas elecciones.,C,Preguntas de Examenes Agente - Tema 2
TOPIC,2,Tema 2,59,59,La Corona es:,Hereditaria y no perpetua.,Hereditaria y vitalicia.,Vitalicia y perpetua.,Vitalicia e inviolable.,B,Preguntas de Examenes Agente - Tema 2
TOPIC,2,Tema 2,60,60,"Comete un delito tipificado dentro de los Delitos contra la Corona ,Capítulo II, Título XXI:",El que matare a cualquiera de las hermanas del Rey.,"El que causare a cualquiera de las hijas del Rey una lesión que menoscabe su integridad corporal o su salud física o mental, siempre que la misma requiera objetivamente para su sanidad, además de una primera asistencia facultativa, tratamiento médico o quirúrgico.",El que hurtare al Rey objetos por valor inferior a cuatrocientos euros.,"El que utilizare, en todo caso y sin la debida autorización, la imagen del Rey.",B,Preguntas de Examenes Agente - Tema 2
TOPIC,2,Tema 2,61,61,"Con respecto a la Corona de España, la Regencia se ejercerá:",Cuando el Rey sea menor de edad.,Cuando el Rey se inhabilitare para el ejercicio de su autoridad.,Ambas son correctas.,Ambas son incorrectas.,C,Preguntas de Examenes Agente - Tema 2
TOPIC,2,Tema 2,62,62,"Según el art. 57.5 de la Constitución española de 1978,:",Las abdicaciones y desistimientos y cualquier duda de hecho o de derecho que ocurra en el orden de sucesión a la Corona se resolverán por una ley general.,Las abdicaciones y renuncias y cualquier duda de hecho o de derecho que ocurra en el orden de sucesión a la Corona se resolverán por una ley estatal.,Las abdicaciones y renuncias y cualquier duda práctica o de derecho que ocurra en el orden de sucesión a la Corona se resolverán por una ley constitucional.,Las abdicaciones y renuncias y cualquier duda de hecho o de derecho que ocurra en el orden de sucesión a la Corona se resolverán por una Iey orgánica.,D,Preguntas de Examenes Agente - Tema 2
TOPIC,2,Tema 2,63,63,El artículo 57.5 de la Constitución Española dispone que las abdicaciones y renuncias y cualquier duda de hecho o de derecho que ocurra en el orden de sucesión a la Corona se resolverán por ley orgánica. Sus precedentes históricos del constitucionalismo español son:,Año 1845.,Año 1876.,Año 1689.,Todos ellos.,D,Preguntas de Examenes Agente - Tema 2
TOPIC,2,Tema 2,64,64,"Dónde vienen recogidos los delitos contra la Corona en el Código Penal aprobado por Ley Orgánica 10/1995, de 23 de noviembre:","En el Capítulo II, del Título XXI, del Libro II.","En el Capítulo IV, del Título XXI, del Libro II.","En el Capítulo III, del Título XXII, del Libro II.","En el Capítulo V, del Título XXIII, del Libro II.",A,Preguntas de Examenes Agente - Tema 2
TOPIC,2,Tema 2,65,65,"Siguiendo el orden regular de sucesión al trono de España, tendrá preferencia siempre:",La línea indirecta a las colaterales.,La línea anterior a las posteriores.,Ambas son correctas.,Ambas son incorrectas.,B,Preguntas de Examenes Agente - Tema 2
TOPIC,2,Tema 2,66,66,El artículo 61.1 de la Constitución comprende que el Rey prestará juramento al ser:,Coronado.,Nombrado.,Proclamado.,Uncido.,C,Preguntas de Examenes Agente - Tema 2
TOPIC,2,Tema 2,67,67,"Conforme a las disposiciones del Estatuto de Autonomía de la Comunitat Valenciana, y en relación con la Administración de justicia. No corresponde a la Generalitat Valenciana:",Proveer de medios materiales y económicos a la administración de justicia.,Ejercer en la comunidad valenciana todas las facultades que la Ley Orgánica del Poder Judicial atribuya al Gobierno de Estado.,La competencia para ordenar los servicios de justicia gratuita.,Proponer al Presidente del Tribunal superior de justicia de la Comunidad Valenciana para su nombramiento por el Rey.,D,Preguntas de Examenes Agente - Tema 2
TOPIC,2,Tema 2,68,68,La Constitución dedica a la Corona el Título:,I.,II.,III.,IV.,B,Preguntas de Examenes Agente - Tema 2
TOPIC,2,Tema 2,69,69,"Tras la abdicación de S.M. Don Juan Carlos I de Borbón, hereda la Corona de España su hijo Felipe, quien fue proclamado Rey ante las Cortes Generales el día:",2014-06-16 .,2014-07-19 .,2014-06-19 .,2014-05-16 .,C,Preguntas de Examenes Agente - Tema 2
TOPIC,2,Tema 2,70,70,"Las abdicaciones y renuncias y cualquier duda de hecho o de derecho que ocurra en el orden de sucesión a la Corona de España, será resuelta por:",El Gobierno.,"Las Cortes Generales, previo acuerdo adoptado en Consejo de Ministros.",Las Cortes Generales.,"Las Cortes Generales, previo consentimiento del Gobierno.",C,Preguntas de Examenes Agente - Tema 2
TOPIC,2,Tema 2,71,71,Si se extinguen todas las líneas llamadas a la sucesión a la Corona:,Ejercerán sus funciones los Regentes.,Las Cortes Generales deberán proveer lo más conveniente a los intereses de España.,Ambas respuestas son correctas.,Ambas respuestas son incorrectas.,B,Preguntas de Examenes Agente - Tema 2
TOPIC,2,Tema 2,72,72,"En cuanto a la regulación de La Corona prevista en el Título II de la Constitución Española, indique cuál es la afirmación incorrecta:","La persona del Rey es inviolable y no está sujeta a responsabilidad. Sus actos estarán siempre refrendados en la forma establecida, careciendo de validez sin dicho refrendo.","La Corona de España es hereditaria en los sucesores de S. M. Don Juan Carlos I de Borbón, legítimo heredero de la dinastía histórica. La sucesión en el trono seguirá el orden regular de primogenitura y representación, siendo preferida siempre la línea posterior a las anteriores; en la misma línea, el grado más próximo al más remoto; en el mismo grado, el varón a la mujer, y en el mismo sexo, la persona de más edad a la de menos.","Aquellas personas que teniendo derecho a la sucesión en el trono contrajeren matrimonio contra la expresa prohibición del Rey y de las Cortes Generales, quedarán excluidas en la sucesión a la Corona por sí y sus descendientes.","Si el Rey se inhabilitare para el ejercicio de su autoridad y la imposibilidad fuere reconocida por las Cortes Generales, entrará a ejercer inmediatamente la Regencia el Príncipe heredero de la Corona, si fuere mayor de edad. Si no lo fuere, se procederá de la manera prevista en el apartado anterior, hasta que el Príncipe heredero alcance la mayoría de edad.",B,Preguntas de Examenes Agente - Tema 2
TOPIC,2,Tema 2,73,73,Corresponde al Rey manifestar el consentimiento del Estado para obligarse internacionalmente por medio de Tratados:,Verdadero.,"Falso, ésta es una competencia de las Cortes Generales.",Esta es competencia del Presidente del Gobierno.,Esta es una función que la Constitución reconoce al Congreso.,A,Preguntas de Examenes Agente - Tema 2
TOPIC,2,Tema 2,74,74,"Corresponde al Rey declarar la guerra y hacer la paz, previa autorización de:",El Congreso.,Las Cortes Generales.,El Presidente del Gobierno.,El gobierno.,B,Preguntas de Examenes Agente - Tema 2
TOPIC,2,Tema 2,75,75,Constitución Española. La prestación del consentimiento del Estado para obligarse por medio de tratados o convenios requerirá la previa autorización:,Del Gobierno.,De las Cortes Generales.,Del Rey.,Del Congreso.,B,Preguntas de Examenes Agente - Tema 2
TOPIC,2,Tema 2,76,76,Cuál de las siguientes afirmaciones es la correcta:,La justicia emana del Rey y se administra en su nombre por Jueces y Magistrados integrantes del poder judicial.,La justicia emana del Rey y se administra en nombre del Pueblo Español por Jueces y Magistrados integrantes del poder judicial.,La justicia emana del pueblo y se administra en nombre del Rey por Jueces y Magistrados integrantes del poder judicial.,La justicia emana de las Cortes Generales y se administra en nombre del Rey por Jueces y Magistrados integrantes del Poder Judicial.,C,Preguntas de Examenes Agente - Tema 2
TOPIC,2,Tema 2,77,77,El Presidente del Tribunal Superior de Justicia de la Comunitat Valenciana:,Será nombrado por el Rey a propuesta del Consejo General del Poder Judicial.,Será nombrado por el Presidente de la Generalitat Valenciana.,Será nombrado por las Cortes Valencianas a propuesta del Presidente de la Generalitat Valenciana.,Ninguna de las anteriores es correcta.,A,Preguntas de Examenes Agente - Tema 2
TOPIC,2,Tema 2,78,78,Qué actos del Rey necesitan ser refrendados:,"Todos, sin excepción alguna.","Todos, salvo el nombramiento y relevo de los miembros civiles y militares de su Casa.",Los actos que tengan naturaleza política.,Los que supongan el consentimiento del Estado para obligarse internacionalmente por medio de los Tratados.,B,Preguntas de Examenes Agente - Tema 2
TOPIC,2,Tema 2,79,79,El Rey:,Propone al candidato a Presidente del Tribunal Constitucional.,Propone y nombra al Presidente del Tribunal Constitucional.,Propone y nombra al Presidente del Gobierno.,Propone y nombra al Presidente del Tribunal Supremo.,C,Preguntas de Examenes Agente - Tema 2
TOPIC,2,Tema 2,80,80,El Presidente del Tribunal Supremo será nombrado por el Rey a propuesta:,Del Gobierno.,Del Congreso de los Diputados.,Del Consejo General del Poder Judicial.,De las Cortes Generales.,C,Preguntas de Examenes Agente - Tema 2
TOPIC,2,Tema 2,81,81,"Según la Constitución Española, a quién no corresponde la iniciativa legislativa:",Al Gobierno.,Al Rey.,Al Congreso de los Diputados.,Al Senado.,B,Preguntas de Examenes Agente - Tema 2
TOPIC,2,Tema 2,82,82,Según la Constitución Española:,El Rey es el Jefe del Gobierno.,El Rey asume la más alta representación del Estado español en las relaciones internacionales.,La persona del Rey está sujeta a responsabilidad.,El Príncipe heredero tendrá la dignidad de Príncipe/Princesa de Asturias únicamente desde su mayoría de edad.,B,Preguntas de Examenes Agente - Tema 2
TOPIC,2,Tema 2,83,83,"Corresponde al Rey, de acuerdo con el art. 62 de la Constitución Española:",Dirigir la Administración civil y militar y la defensa del Estado.,Dirigir la acción del gobierno.,"Declarar el estado de alarma, previa solicitud del Presidente del Gobierno.",Expedir los Decretos acordados en el Consejo de Ministros.,D,Preguntas de Examenes Agente - Tema 2
TOPIC,2,Tema 2,84,84,El Presidente del Tribunal Constitucional será nombrado por (art. 160 de la Constitución española):,El rey y por un período de 3 años.,El Consejo General del Poder Judicial.,"El rey por un período de 9 años, renovable por terceras partes cada 3 años.",El Tribunal Constitucional en pleno y por un periodo de tres años.,A,Preguntas de Examenes Agente - Tema 2
TOPIC,2,Tema 2,85,85,Quién nombra al Presidente del Gobierno:,El Congreso de los Diputados.,El Senado.,Las Cortes Generales.,El Rey.,D,Preguntas de Examenes Agente - Tema 2
TOPIC,2,Tema 2,86,86,"Según el artículo 57.5 de la CE, los abdicaciones y renuncias y cualquier duda de hecho o de derecho que ocurra en el orden de sucesión a la Corona se resolverán:",Por una ley ordinaria.,Por un Decreto Ley.,Por una ley orgánica.,Ninguna de las anteriores es correcta.,C,Preguntas de Examenes Agente - Tema 2
TOPIC,2,Tema 2,87,87,"Extinguidas todas las líneas llamadas en Derecho, proveerá a la sucesión en la Corona en la forma que más convenga a los intereses de España:",El Congreso de los Diputados.,El Senado.,El Presidente del Gobierno.,Las Cortes Generales.,D,Preguntas de Examenes Agente - Tema 2
TOPIC,2,Tema 2,88,88,"El Tribunal Constitucional se compone de 12 miembros nombrados por el Rey, de ellos:","Cuatro a propuesta del Congreso, cuatro a propuesta del Senado, dos a propuesta del Gobierno y dos a propuesta del Consejo General del Poder Judicial.","Cuatro a propuesta del Congreso, cuatro a propuesta del Gobierno, dos a propuesta del Senado y dos a propuesta del Consejo General del Poder Judicial.","Cuatro a propuesta del Gobierno, cuatro a propuesta del Consejo General del Poder Judicial, dos a propuesta del Congreso y dos a propuesta del Senado.","Cuatro a propuesta del Congreso, cuatro a propuesta Consejo General del Poder Judicial, dos a propuesta del Gobierno y dos a propuesta del del Senado.",A,Preguntas de Examenes Agente - Tema 2
TOPIC,2,Tema 2,89,89,"Extinguidas todas las líneas llamadas en Derecho, las Cortes Generales proveerán a la sucesión en la Corona:",Por una Ley Orgánica.,Por una Ley Ordinaria.,Por un Real Decreto.,En la forma que más convenga a los intereses de España.,D,Preguntas de Examenes Agente - Tema 2
TOPIC,2,Tema 2,90,90,"En la sucesión al trono de España, dentro del mismo grado se prefiere el varón a la mujer, y en el mismo sexo:",La persona de más edad a la de menos.,El grado más próximo al más remoto.,La persona de menos edad a la de más edad.,Ninguna es correcta.,A,Preguntas de Examenes Agente - Tema 2
TOPIC,2,Tema 2,91,91,Los delitos contra la Corona se encuentran regulados en el Código Penal:,De los artículo 485 a 491.,De los artículo 451 a 454.,De los artículo 492 a 505.,De los artículo 506 a 509.,A,Preguntas de Examenes Agente - Tema 2
TOPIC,2,Tema 2,92,92,"Tras la abdicación de S.M. Don Juan Carlos I de Borbón, hereda la Corona de  España su hijo Felipe, quien fue proclamado Rey ante las Cortes Generales el día 19 de  junio de 2014, adoptando el nombre de:",Felipe VII.,Felipe VI.,Felipe V.,Felipe IV.,B,Preguntas de Examenes Agente - Tema 2
TOPIC,2,Tema 2,93,93,"Cómo se resolverán las abdicaciones, renuncias y dudas relativas al orden de sucesión en la corona:",Mediante Ley de las cortes generales.,Mediante acuerdo del consejo de ministros.,En la forma que establezcan los reglamentos de las cámaras.,Mediante ley orgánica.,D,Preguntas de Examenes Agente - Tema 2
TOPIC,2,Tema 2,94,94,Indique la afirmación correcta:,"La Reina consorte podrá asumir funciones constitucionales, incluidas lo dispuesto para la Regencia.","La Reina consorte o consorte de la Reina no podrán asumir funciones constitucionales, salvo lo dispuesto para la Regencia.",El consorte de la Reina y según el artículo 48 de la Constitución podrá asumir funciones constitucionales incluidas lo dispuesto para la Regencia.,Nadie es correcta.,B,Preguntas de Examenes Agente - Tema 2
TOPIC,2,Tema 2,95,95,El Título II de la Constitución regula:,El Poder Judicial.,Economía y Hacienda.,La Corona.,Las Cortes Generales.,C,Preguntas de Examenes Agente - Tema 2
TOPIC,2,Tema 2,96,96,"Según la Constitución Española de 1978, si el rey fuera inhabilitado para el ejercicio de su autoridad y la imposibilidad fuere reconocida por las Cortes Generales, entrará a ejercer inmediatamente la Regencia:",La persona o personas elegidas por las Cortes Generales.,El príncipe heredero de la Corona si fuera mayor de edad.,El príncipe heredero de la Corona.,La persona o personas elegidas por el Gobierno.,B,Preguntas de Examenes Agente - Tema 2
TOPIC,2,Tema 2,97,97,Las abdicaciones y renuncias y cualquier duda de hecho o de derecho que ocurra en el orden de sucesión a la Corona se resolverán:,Por ley.,Por decreto ley.,Por decisión de las Cortes Generales.,Por ley orgánica.,D,Preguntas de Examenes Agente - Tema 2
TOPIC,2,Tema 2,98,98,Qué artículo de la Constitución concluye el Título dedicado a la regulación de la Corona:,El artículo 63.,El artículo 64.,El artículo 65.,El artículo 66.,C,Preguntas de Examenes Agente - Tema 2
TOPIC,2,Tema 2,99,99,"Conforme al tenor del artículo 57.5 de la Constitución Española, las abdicaciones y renuncias y cualquier duda de hecho o de derecho que ocurra en el orden de sucesión a la Corona:",Se resolverán por las Cortes Generales.,Se resolverán por el Congreso de los Diputados.,Se resolverán mediante ley.,Se resolverán por una ley orgánica.,D,Preguntas de Examenes Agente - Tema 2
TOPIC,2,Tema 2,100,100,La Corona de España viene regulada en la Constitución de 1978 con el epígrafe de la Corona:,En el Preámbulo Coronado.,"En el Título II, arts 56 a 64.","En el Título II, arts 56 a 65.","En el Título 1, arts 1 a 9.",C,Preguntas de Examenes Agente - Tema 2
TOPIC,2,Tema 2,101,101,Según el artículo 59 de la Constitución Española de 1978 podrán ser regentes:,"El padre o la madre del Rey, o el pariente mayor de edad más próximo a suceder en la Corona, según el orden establecido en la Constitución, en los casos de minoría de edad del Rey.","El Príncipe heredero de la Corona, si fuere mayor de edad, en los casos de inhabilitación del Rey.","Cualquier español, mayor de edad, si fuera nombrado por las Cortes y no hubiera ninguna persona a quien correspondiera la Regencia, según lo previsto en la Constitución.",Todas las respuestas anteriores son ciertas.,D,Preguntas de Examenes Agente - Tema 2
TOPIC,2,Tema 2,102,102,Las dudas en el orden de sucesión a la Corona:,"Las resuelven las Cortes Generales, cuando sean dudas de hecho.",Las resuelven el Congreso de los Diputados mediante una norma con rango de ley.,Se resuelven por Ley orgánica.,Las resuelven las Cortes Generales en la forma que más convenga a los intereses de España.,C,Preguntas de Examenes Agente - Tema 2
TOPIC,2,Tema 2,103,103,"La Reina consorte o el consorte de la Reina no podrán asumir funciones Constitucionales, salvo to dispuesto para la Regencia, según qué artículo de la CE:",Artículo 58 de la CE.,Artículo 58.1 de la CE.,Artículo 58.2 de la CE.,Artículo 58.3 de la CE.,A,Preguntas de Examenes Agente - Tema 2
TOPIC,2,Tema 2,104,104,"Según la Constitución Española de 1978, si el Rey se inhabilitare para el ejercicio de su autoridad y la imposibilidad fuere reconocida por las Cortes Generales, entrará a ejercer inmediatamente la Regencia:",La persona o personas que elijan las Cortes Generales.,"El Príncipe heredero de la Corona, si fuere mayor de edad.",El Príncipe heredero de la Corona.,La persona o personas que elija el Gobierno.,B,Preguntas de Examenes Agente - Tema 2
TOPIC,2,Tema 2,105,105,"Señala la respuesta correcta. La Constitución Española configura a la Corona como uno de los pilares fundamentales del estado, ordenado a través de la monarquía parlamentaria. La importancia de prever constitucionalmente la institución de la Regencia, para el desempeño de las funciones del Rey en situaciones de incapacidad de éste, es obvia, máxime si recordamos que, en nuestra historia pasada, la figura del Regente se ha visto siempre rodeada de una gran conflictividad. De ahí la conveniencia de regular jurídicamente y al más alto rango las situaciones de anomalía en el ejercicio de la Corona o de la Jefatura del Estado aun cuando las circunstancias actuales sean muy diferentes de las de nuestra Monarquía decimonónica. Así, el artículo 59.1 de la Constitución Española establece que:","Cuando el Rey fuere menor de edad, el padre o la madre del Rey y, en su defecto, el pariente mayor de edad más próximo a suceder en la Corona, según el orden establecido en la Constitución, entrará a ejercer inmediatamente la Regencia y la ejercerá durante el tiempo de la minoría de edad del Rey.","Si el Rey se inhabilitare para el ejercicio de su autoridad y la imposibilidad fuere reconocida por el Senado, entrará a ejercer inmediatamente la Regencia el Príncipe heredero de la Corona, si fuere mayor de edad. Si no lo fuere, se procederá de la manera prevista en el apartado anterior, hasta que el Príncipe heredero alcance la mayoría de edad.","Si no hubiere ninguna persona a quien corresponda la Regencia, ésta será nombrada por el Senado, y se compondrá de una, tres o cinco personas de entre las propuestas por el Congreso de los Diputados.","Si no hubiere ninguna persona a quien corresponda la Regencia, ésta será nombrada por el Congreso de los Diputados, y se compondrá de una, tres o cinco personas de entre las propuestas por el Senado.",A,Preguntas de Examenes Agente - Tema 2
TOPIC,2,Tema 2,106,106,Señala la respuesta correcta:,"Las leyes de la Generalitat serán promulgadas, en nombre del Rey, por su Presidente y publicadas, en las dos lenguas oficiales en el Diario Oficial de La Generalitat en el plazo de diez días desde su aprobación, y en el Boletín Oficial del Estado. Para su entrada en vigor regirá la fecha de publicación en el Diario Oficial de la Generalitat.","Las leyes de la Generalitat serán promulgadas, en nombre del Rey, por su Presidente y publicadas, en las dos lenguas oficiales en el Diario Oficial de la Generalitat en el plazo de quince días desde su aprobación, y en el Boletín Oficial del Estado. Para su entrada en vigor regirá la fecha de publicación en el Diario Oficial de la Generalitat.","Las leyes de la Generalitat serán promulgadas, en nombre del Rey, por su Presidente y publicadas, en las dos lenguas oficiales en el Diario Oficial de la Generalitat en el plazo de veinte días desde su aprobación, y en el Boletín Oficial del Estado. Para su entrada en vigor regirá la fecha de publicación en el Diario Oficial de la Generalitat.","Las leyes de la Generalitat serán promulgadas, en nombre del Rey, por su Presidente y publicadas, en las dos lenguas oficiales en el Diario Oficial de la Generalitat en el plazo de treinta días desde su aprobación, y en el Boletín Oficial del Estado. Para su entrada en vigor regirá la fecha de publicación en el Diario Oficial de la Generalitat.",B,Preguntas de Examenes Agente - Tema 2
TOPIC,2,Tema 2,107,107,Cuál de las siguientes funciones del Rey no están sujetas a refrendo:,Convocar y disolver las Cortes Generales y convocar elecciones en los términos previstos en la Constitución.,Nombrar y separar a los miembros del Gobierno a propuesta de su Presidente.,El mando supremo de las Fuerzas Armadas.,Nombrar y cesar libremente a los miembros civiles y militares de su Casa.,D,Preguntas de Examenes Agente - Tema 2
TOPIC,2,Tema 2,108,108,"Conforme a lo dispuesto en el Estatuto de Autonomía de la Comunidad Valenciana, las leyes de la Generalitat serán promulgadas, en nombre del Rey, por su President y publicadas, en las dos lenguas oficiales en:","El Diario Oficial de la Generalitat en el plazo de quince días desde su aprobación, y en el Boletín Oficial del Estado.","El Diario Oficial de la Generalitat en el plazo de veinte días desde su aprobación, y en el Boletín Oficial del Estado.","El Boletín Oficial del Estado en el plazo de quince días desde su aprobación, y en el Diario Oficial de la Generalitat.","El Boletín Oficial del Estado en el plazo de veinte días desde su aprobación, y en el Diario Oficial de la Generalitat.",A,Preguntas de Examenes Agente - Tema 2
TOPIC,2,Tema 2,109,109,"Conforme lo dispuesto en el artículo 124 de la Constitución Española, el Fiscal General del Estado:","Será nombrado por el Rey, a propuesta del Gobierno.","Será nombrado por el Rey, a propuesta del Consejo General del Poder Judicial.","Será nombrado por el Presidente del Gobierno, a propuesta del Consejo General del Poder Judicial.","Será nombrado por el Presidente del Gobierno, a propuesta del Gobierno.",A,Preguntas de Examenes Agente - Tema 2
TOPIC,2,Tema 2,110,110,El presidente del Tribunal Supremo:,Es nombrado por el Rey a propuesta del Congreso y del Senado.,Es nombrado para un período de cuatro años.,Deberá ser un miembro de la carrera judicial.,Será también el presidente del Consejo General del Poder Judicial.,D,Preguntas de Examenes Agente - Tema 2
TOPIC,2,Tema 2,111,111,El Presidente del Tribunal Constitucional será nombrado entre sus miembros:,"Por el Rey, a propuesta del mismo Tribunal en pleno y por un período de cinco años.","Por el Rey, a propuesta del mismo Tribunal en pleno y por un periodo de nueve años.","Por el Rey, a propuesta del mismo Tribunal en pleno y por un periodo de tres años.","Por el Rey, a propuesta del mismo Tribunal en pleno y por un período de seis años.",C,Preguntas de Examenes Agente - Tema 2
TOPIC,2,Tema 2,112,112,Los actos del Rey sin refrendo:,Podrían considerarse anulables.,Carecen de validez.,Pueden convalidarse por las Cortes Generales.,Pueden convalidarse mediante Ley Orgánica.,B,Preguntas de Examenes Agente - Tema 2
TOPIC,2,Tema 2,113,113,La forma de Estado según queda redactado en el artículo 1.3 del texto Constitucional es:,Monarquía parlamentaria.,República democrática.,Monarquía absoluta.,República parlamentaria.,A,Preguntas de Examenes Agente - Tema 2
TOPIC,2,Tema 2,114,114,Quién decreta la disolución del Senado:,El Rey.,El Consejo de Ministros.,El Presidente del Gobierno .,El Presidente del Senado.,A,Preguntas de Examenes Agente - Tema 2
TOPIC,2,Tema 2,115,115,Los actos del Rey que estarán siempre refrendados son:,Todos los actos del Rey deben ser refrendados por el Gobierno.,"Todos sus actos estarán siempre refrendados, salvo el nombramiento y relevo de los miembros civiles y militares de la Casa Real.",Todos los que hayan sido encomendados por las Cortes Generales.,Todos los que hayan sido encomendados por el Gobierno.,B,Preguntas de Examenes Agente - Tema 2
TOPIC,2,Tema 2,116,116,El Rey asume la más alta representación del Estado español:,Ante los organismos internacionales.,En las relaciones internacionales.,En todo tipo de relaciones de carácter público.,En determinadas relaciones internacionales.,B,Preguntas de Examenes Agente - Tema 2
TOPIC,2,Tema 2,117,117,"Planteada una cuestión de confianza, si el Congreso niega su confianza al Gobierno:",Este volverá a plantear una nueva cuestión de confianza en el plazo de dos meses.,Este presentará su dimisión al Rey.,El Rey ejercerá su labor de mediación para restaurar la confianza.,Se iniciarán los trámites para iniciar una moción de censura en el plazo de 5 días.,B,Preguntas de Examenes Agente - Tema 2
TOPIC,2,Tema 2,118,118,A tenor de la Constitución Española:,"La persona del Rey ya no es inviolable, desde la reciente reforma de la Constitución.",La persona del Rey es inviolable pero no el Rey emérito.,La persona del Rey es inviolable y está sujeta a responsabilidad.,La persona del Rey es inviolable y no está sujeta a responsabilidad.,D,Preguntas de Examenes Agente - Tema 2
TOPIC,2,Tema 2,119,119,"Para ejercer la Regencia, según el art. 59 CE:",Es preciso ser español y estar casado/a con el Rey o ser pariente hasta 2º grado de consanguinidad.,Es preciso ser español y mayor de edad.,Se ejercerá por mandato del Senado y siempre en nombre del Rey.,"Es preciso ser español, con independencia de la edad.",B,Preguntas de Examenes Agente - Tema 2
TOPIC,2,Tema 2,120,120,"De conformidad con el artículo 62 de la CE, NO corresponde al rey:",Sancionar y promulgar leyes.,Elegir a los miembros del gobierno.,Convocar referéndum en los casos previstos en la constitución.,Convocar referéndum en los casos previstos en la constitución.,B,Preguntas de Examenes Agente - Tema 2
TOPIC,2,Tema 2,121,121,"De los siguientes actos, indique cual NO corresponde al Rey:",Sancionar y promulgar las leyes.,Convocar elecciones en los términos previstos en la Constitución.,Convocar referéndum en los casos previstos por la Constitución.,"Autorizar, con el debido refrendo, los indultos generales.",D,Preguntas de Examenes Agente - Tema 2
TOPIC,2,Tema 2,122,122,Los principios fundamentales que rigen la monarquía parlamentaria son:,El Rey es el Jefe del Estado.,El Reina pero no gobierna.,El Rey es inviolable.,Todas las respuestas son correctas.,D,Preguntas de Examenes Agente - Tema 2
TOPIC,2,Tema 2,123,123,"De las funciones que la Constitución atribuye al Rey en su artículo 62, indique cuál no es una de ellas:",Sancionar y promulgar leyes.,"Manifestar el consentimiento del Estado para obligarse internacionalmente por medio de tratados, de conformidad con la Constitución y las leyes.",El Alto Patronazgo de las Reales Academias.,Convocar a referéndum en los casos previstos en la Constitución.,B,Preguntas de Examenes Agente - Tema 2
TOPIC,2,Tema 2,124,124,"En la Constitución, a qué se le denomina fórmula promulgatoria:",A las palabras con las que el Rey hace pública la Constitución.,A la fórmula en la que se indican los principios que se quiere conseguir.,A las palabras con las que el Rey sanciona la Constitución.,A la pregunta que se formuló para su aprobación en referéndum.,A,Preguntas de Examenes Agente - Tema 2
TOPIC,2,Tema 2,125,125,Cual de las siguientes funciones del Rey NO corresponden al ejercicio de la función simbólico-representativa:,Acreditar a los embajadores y a otros representantes diplomáticos.,Manifestar el consentimiento del Estado en tratados.,Proponer al candidato a presidir el Gobierno de la Nación.,El alto patronazgo de las Reales Academias.,C,Preguntas de Examenes Agente - Tema 2
TOPIC,2,Tema 2,126,126,"De conformidad con el artículo 62 de la Constitución, cuál de las siguientes atribuciones NO corresponde al Rey:",Convocar a referéndum en los casos ante la Constitución.,Proponer el candidato a Presidente del Gobierno.,"Nombrar y separar a los miembros del Gobierno, a propuesta de su Presidente.",Representar al Estado y dirigir la política exterior.,D,Preguntas de Examenes Agente - Tema 2
TOPIC,2,Tema 2,127,127,"Los cargos de Regente y Tutor del Rey menor, según la Constitución Española, podrán acumularse en una única persona:",En ningún caso.,"No podrán acumularse, salvo en el padre, madre o ascendientes directos del Rey.","No podrán acumularse, salvo en el padre o la madre del propio Rey menor.","Si, si es posible acumular ambos cargos.",B,Preguntas de Examenes Agente - Tema 2
TOPIC,2,Tema 2,128,128,Quién cesa a los Ministros y a los Vicepresidentes :,El Presidente del Gobierno.,"EI Presidente del Congreso, a propuesta del Presidente del Gobierno.","El Presidente del Gobierno, autorizado por las Cortes.","El Rey, a propuesta del Presidente del Gobierno.",D,Preguntas de Examenes Agente - Tema 2
TOPIC,2,Tema 2,129,129,No necesita refrendo:,Declarar la guerra y hacer la paz.,Expedir los decretos acordados en Consejo de Ministros.,Nombrar y relevar a los miembros civiles y militares de la Casa Real. .,Todos los actos del Rey necesitan refrendo.,C,Preguntas de Examenes Agente - Tema 2
TOPIC,2,Tema 2,130,130,"Son funciones del Rey, recogidas en la Constitución Española:",Sancionar y promulgar las leyes.,El mando supremo de las Fuerzas Armadas.,"Nombrar y separar a los miembros del Gobierno, a propuesta de su Presidente.",Todas las enumeradas son funciones del Rey.,D,Preguntas de Examenes Agente - Tema 2
TOPIC,2,Tema 2,131,131,Puede la Reina consorte o el consorte de la Reina asumir funciones constitucionales:,Si.,"No, nunca.","No, salvo lo dispuesto para la Regencia.","Si como norma general, con las excepciones previstas en la propia Constitución.",C,Preguntas de Examenes Agente - Tema 2
TOPIC,2,Tema 2,132,132,"Según el art. 57 de la CE, la sucesión al trono seguirá el orden general de primogenitura y representación siendo preferida:","La linea anterior a las posteriores, en la misma linea, el grado más próximo al más remoto, en el mismo grado, el varón a la mujer, y en el mismo sexo, la persona de menos edad a la de más.","La linea posterior a las anteriores: en la misma linea, el grado más próximo al más remoto, en el mismo grado, el varón a la mujer, y en el mismo sexo, la persona de más edad a la de menos.","La linea anterior a las posteriores, en la misma linea, el grado más próximo al más remoto, en el mismo grado, el varón a la mujer, y en el mismo sexo, la persona de más edad, a la de menos.","La linea posterior a las anteriores, en la misma linea, el grado más próximo al más remoto, en el mismo grado, el varón a la mujer, y en el mismo sexo, la persona de menos edad a la de más.",C,Preguntas de Examenes Agente - Tema 2
TOPIC,2,Tema 2,133,133,"De acuerdo con el Real Decreto 1368/1987, de 6 de noviembre, sobre régimen de títulos, tratamientos y honores de la Familia Real y de los Regentes, señala la respuesta correcta:",Los hijos del Rey que no tengan la condición de Príncipe o Princesa de Asturias serán Alteza Real y recibirán el tratamiento de Infantes.,"Los hijos de los Infantes de España tendrán la consideración de Grandes de España, teniendo el tratamiento especial Alteza.","Quienes ejerzan la Regencia tendrán el tratamiento de Alteza e iguales honores que los establecidos para el Príncipe de Asturias, a no ser que les correspondan otros de mayor rango.",Ninguna de las anteriores es correcta.,C,Preguntas de Examenes Agente - Tema 2
TOPIC,2,Tema 2,134,134,"Según la Constitución Española, si no hubiera ninguna persona a quien corresponda la Regencia, ésta sería nombrada por :","Las Cortes Generales, y se compondrá por 1, 2 ó 3 personas.",Las Cortes Generales y el Gobierno.,"Las Cortes Generales y el Gobierno, y se compondrá de 1, 3 ó 5 personas.",Ninguna respuesta es correcta.,D,Preguntas de Examenes Agente - Tema 2
TOPIC,2,Tema 2,135,135,Cuando el artículo 1.3 de la constitución alude a la Monarquía parlamentaria del Estado español se refiere a :,La forma de gobierno.,La clase de soberanía.,La forma de estado.,La forma política de Estado.,D,Preguntas de Examenes Agente - Tema 2
TOPIC,3,Tema 3,1,1,"Corresponde al Rey declarar la guerra y hacer la paz, previa autorización de:",El Congreso.,Las Cortes Generales.,El Presidente del Gobierno.,El gobierno.,B,Preguntas de Examenes Agente - Tema 3
TOPIC,3,Tema 3,2,2,Según el art. 66.3 de la Constitución española de 1978:,Las Cortes Generales son inamovibles.,Las Cortes Generales son inviolables.,Las Cortes Generales son inapelables.,Ninguna de las respuestas anteriores es correcta.,B,Preguntas de Examenes Agente - Tema 3
TOPIC,3,Tema 3,3,3,Los miembros de las Cortes Generales:,No están ligados por mandato imperativo.,No están ligados por mandato representativo.,Están ligados por mandato estatutario.,No están sujetos a responsabilidad alguna.,A,Preguntas de Examenes Agente - Tema 3
TOPIC,3,Tema 3,4,4,Las Mesas son los órganos rectores de cada Cámara y representan proporcionalmente:,A los Diputados y Senadores.,A la Cámara respectiva.,A las Cortes Generales.,A los distintos Grupos Parlamentarios.,D,Preguntas de Examenes Agente - Tema 3
TOPIC,3,Tema 3,5,5,"De acuerdo con el artículo 68 de la Constitución Española, el Congreso de los Diputados electo deberá ser convocado:",Dentro de los 15 días siguientes a la celebración de las elecciones.,Dentro de los 25 días siguientes a la celebración de las elecciones.,Dentro de los 30 días siguientes a la celebración de elecciones.,Dentro de los 60 días siguientes a la celebración de elecciones.,B,Preguntas de Examenes Agente - Tema 3
TOPIC,3,Tema 3,6,6,La continuidad de las Cortes Generales se garantiza mediante las llamadas:,Comisiones Permanentes.,Diputaciones Permanentes.,Mesas Permanentes.,Comisiones Legislativas.,B,Preguntas de Examenes Agente - Tema 3
TOPIC,3,Tema 3,7,7,"Las poblaciones de Ceuta y Melilla estarán representadas en el Congreso, cada una de ellas, por:",4 Diputados.,1 Diputado.,2 Diputados.,3 Diputados.,B,Preguntas de Examenes Agente - Tema 3
TOPIC,3,Tema 3,8,8,"Las Cortes Generales ejercen la potestad legislativa del Estado, aprueban sus Presupuestos, controlan la acción del Gobierno y tienen las demás competencias que:",Les atribuya el Congreso de los Diputados.,Les atribuya el Senado.,Les atribuya la Constitución.,Todas las respuestas son correctas.,C,Preguntas de Examenes Agente - Tema 3
TOPIC,3,Tema 3,9,9,Quien ejerce el poder legislativo en nuestro país:,El Gobierno.,El Congreso de los Diputados.,Las Cortes Generales.,El Senado.,C,Preguntas de Examenes Agente - Tema 3
TOPIC,3,Tema 3,10,10,El artículo 70 de la Constitución Española establece que las causas de inelegibilidad e incompatibilidad de los Diputados y Senadores se determinará:,Por la ley de las Cortes Generales.,Por la ley electoral.,Por la ley sobre incompatibilidades.,Por la ley del Gobierno.,B,Preguntas de Examenes Agente - Tema 3
TOPIC,3,Tema 3,11,11,La elaboración de la leyes en la Constitución Española viene recogido en el:,"Título II De las Cortes Generales, elaboración de las leyes, Capítulo Primero, art 71 y siguientes.","Título III De las Cortes Generales, elaboración de las leyes, Capítulo primero, art. 71 y siguientes.","Título III, De la Cortes Generales, Capítulo segundo, de la elaboración de las leyes, art, 81 y siguientes.","Título III, De las cortes Generales, Capítulo Primero, de la elaboración de las leyes, art. 81 y siguientes.",C,Preguntas de Examenes Agente - Tema 3
TOPIC,3,Tema 3,12,12,Una de las siguientes materias no es regulada en el Título Preliminar de la Constitución Española:,Las Cortes Generales.,Las Asociaciones de Empresarios.,Las Fuerzas Armadas.,Los Partidos Políticos.,A,Preguntas de Examenes Agente - Tema 3
TOPIC,3,Tema 3,13,13,En qué fecha aprobaron las Cortes Generales la Constitución Española:,El 31 de octubre de 1978.,El 6 de diciembre de 1978.,El 27 de diciembre de 1978.,El 29 de diciembre de 1978.,A,Preguntas de Examenes Agente - Tema 3
TOPIC,3,Tema 3,14,14,Convocar y disolver las Cortes Generales y convocar elecciones en los términos previstos en la Constitución le corresponde según el artículo 62.b) a:,Al Presidente del Gobierno.,Al Consejo de Ministros.,Al Rey.,Al Presidente de las Cortes Generales.,C,Preguntas de Examenes Agente - Tema 3
TOPIC,3,Tema 3,15,15,Constitución Española. Aprobado un proyecto de ley ordinaria u orgánica por el Congreso de los Diputados:,"El Senado, en el plazo de dos meses, a partir del día siguiente a la recepción del texto, puede, mediante mensaje motivado, oponer su veto o introducir enmiendas al mismo. El veto deberá ser aprobado por mayoría absoluta. El proyecto no podrá ser sometido al Rey para sanción sin que el Congreso ratifique por mayoría absoluta, en caso de veto, el texto inicial, o por mayoría simple, una vez transcurridos dos meses desde la interposición del mismo, o se pronuncie sobre las enmiendas, aceptándolas o no por mayoría simple.","El Senado, en el plazo de dos meses, a partir del día de la recepción del texto, puede, mediante mensaje motivado, oponer su veto o introducir enmiendas al mismo. El veto deberá ser aprobado por mayoría absoluta. El proyecto no podrá ser sometido al Rey para sanción sin que el Congreso ratifique por mayoría absoluta, en caso de veto, el texto inicial, o por mayoría simple, una vez transcurridos dos meses desde la interposición del mismo, o se pronuncie sobre las enmiendas, aceptándolas o no por mayoría simple.","El Senado, en el plazo de dos meses, a partir del día siguiente a la recepción del texto, puede, mediante mensaje motivado, oponer su veto o introducir enmiendas al mismo. El veto deberá ser aprobado por mayoría absoluta. El proyecto no podrá ser sometido al Rey para sanción sin que el Congreso ratifique por mayoría de dos tercios, en caso de veto, el texto inicial, o por mayoría simple, una vez transcurridos dos meses desde la interposición del mismo, o se pronuncie sobre las enmiendas, aceptándolas o no por mayoría simple.","El Senado, en el plazo de dos meses, a partir del día de la recepción del texto, puede, mediante mensaje motivado, oponer su veto o introducir enmiendas al mismo. El veto deberá ser aprobado por mayoría absoluta. El proyecto no podrá ser sometido al Rey para sanción sin que el Congreso ratifique por mayoría absoluta, en caso de veto, el texto inicial, o por mayoría de dos tercios, una vez transcurridos dos meses desde la interposición del mismo, o se pronuncie sobre las enmiendas, aceptándolas o no por mayoría simple.",B,Preguntas de Examenes Agente - Tema 3
TOPIC,3,Tema 3,16,16,La inmunidad de los Diputados y Senadores:,"Se refiere a que solo podrán ser detenidos en caso de flagrante delito, siendo competente la.",Se refiere a las opiniones manifestadas en el ejercicio de sus funciones.,"Se refiere a que solo podrán ser detenidos en caso de flagrante delito, de manera indefinida.",Todas son correctas.,A,Preguntas de Examenes Agente - Tema 3
TOPIC,3,Tema 3,17,17,"Indique la respuesta incorrecta. El artículo 70 de la Constitución Española establece que la ley electoral determinará las causas de inelegibilidad e incompatibilidad de los Diputados y Senadores, que comprenderán, en todo caso:",Al Defensor del Pueblo.,A los componentes del Tribunal Constitucional.,A los miembros de las Juntas Electorales.,"A los altos cargos de la Administración del Estado que determine la ley, Induidos los miembros del Gobierno.",D,Preguntas de Examenes Agente - Tema 3
TOPIC,3,Tema 3,18,18,Cuál de las siguientes características no es predicable de las Cortes Generales:,Es un órgano permanente.,Es un órgano legislativo.,Es un órgano unicameral.,Es un órgano representativo.,C,Preguntas de Examenes Agente - Tema 3
TOPIC,3,Tema 3,19,19,El ejercicio de la potestad legislativa es exclusivo de las Cortes Generales :,"Sí, porque así se reconoce en el artículo 66.2 de la Constitución.","No, porque el Poder judicial también puede ejercerla.","No, porque el Tribunal Constitucional puede actuar con potestad legislativa propia.","No, porque el Gobierno también puede ejercerla, aunque, en todo caso, sometida a una ulterior convalidación.",D,Preguntas de Examenes Agente - Tema 3
TOPIC,3,Tema 3,20,20,Qué es un suplicatorio:,La petición que realiza el Tribunal Supremo al Congreso o al Senado para juzgar las causas penales contra diputados y senadores.,El documento que acredita a los diputados y senadores la prerrogativa de inmunidad como miembros de las Cortes Generales.,La acreditación de diputados y senadores que impide su detención policial al gozar de inviolabilidad.,La solicitud del procedimiento de habeas corpus de diputados y senadores.,A,Preguntas de Examenes Agente - Tema 3
TOPIC,3,Tema 3,21,21,Las Cortes Generales están formadas por:,"El Gobierno, el Congreso de los Diputados y el Senado.",El Congreso de los Diputados y el Senado.,El Congreso de los Diputados y las Asambleas Legislativas de las Comunidades Autónomas.,"El Congreso de los Diputados, el Senado y las Asambleas Legislativas de las Comunidades Autónomas.",B,Preguntas de Examenes Agente - Tema 3
TOPIC,3,Tema 3,22,22,El voto de Senadores y Diputados:,Es personal y delegable.,Es impersonal e indelegable.,Es personal e intransferible.,Es personal e indelegable.,D,Preguntas de Examenes Agente - Tema 3
TOPIC,3,Tema 3,23,23,"El Tribunal de Cuentas es el supremo órgano fiscalizador de las cuentas y de la gestión económica de Estado, así como del sector público. Dependerá directamente:",Del Ministerio de Hacienda.,Del Ministerio de Economía.,Del Presidente del Gobierno.,De las Cortes Generales.,D,Preguntas de Examenes Agente - Tema 3
TOPIC,3,Tema 3,24,24,"Las Cortes Generales en el sistema constitucional español, ejercen toda la potestad legislativa del Estado:","Sí, a excepción de que el Gobierno pueda llegar a ejercerla por delegación de las propias Cortes.","Sí, porque sí se reconoce en el artículo 66.2 de la Constitución.","Sí, a excepción de que el Gobierno pueda llegar a ejercerla como consecuencia de sus propias competencias.","No, porque las Comunidades Autónomas disfrutan también de una potestad legislativa propia.",D,Preguntas de Examenes Agente - Tema 3
TOPIC,3,Tema 3,25,25,"Conforme al art 78 CE, la Diputación Permanente se compone de:",Veintiún miembros y su Presidente.,"Un mínimo de veintiún miembros, que representarán a los grupos parlamentarios en proporción a su importancia numérica.",Un máximo de veintiún miembros incluido su Presidente.,"Un máximo de veintiún miembros, que representarán a los grupos parlamentarios, en proporción a su importancia numérica.",B,Preguntas de Examenes Agente - Tema 3
TOPIC,3,Tema 3,26,26,Las Asambleas de las Comunidades Autónomas podrán solicitar la reforma de la Constitución mediante:,Un proyecto de ley remitido a las Cortes.,Una proposición de ley remitida a las Cortes Generales.,La solicitud al Gobierno de la adopción de un proyecto de ley o remitiendo a la Mesa del Congreso una proposición de ley.,Un proyecto de ley remitido al Senado.,C,Preguntas de Examenes Agente - Tema 3
TOPIC,3,Tema 3,27,27,El Defensor del Pueblo será elegido:,Por el Congreso de los Diputados.,Por el Gobierno.,Por las Cortes Generales.,Por el Rey.,C,Preguntas de Examenes Agente - Tema 3
TOPIC,3,Tema 3,28,28,A quién debe remitir el Consejo General del Poder Judicial anualmente un informe sobre el funcionamiento de la Justicia:,Al Gobierno de la Nación.,Al Jefe del Estado.,A las Cortes Generales.,Al Defensor del Pueblo.,C,Preguntas de Examenes Agente - Tema 3
TOPIC,3,Tema 3,29,29,"Respecto las Cortes generales, señalar la respuesta correcta:","Para adoptar acuerdos, las Cámaras deben estar reunidas reglamentariamente y con asistencia de la mayoría de sus miembros.","En cada Cámara habrá una Diputación Permanente compuesta por un mínimo de quince miembros, que representarán los grupos parlamentarios, en proporción a su importancia numérica.",El voto de Senadores y Diputados es personal y delegable.,"Las Cámaras no pueden recibir peticiones individuales, solo peticiones colectivas, siempre por escrito, quedando prohibida la presentación directa por manifestaciones ciudadanas.",A,Preguntas de Examenes Agente - Tema 3
TOPIC,3,Tema 3,30,30,"Según el artículo 82.1 de la Constitución Española, las Cortes Generales podrán delegar en el Gobierno la potestad de dictar normas con rango de ley sobre materias determinadas, excepto:",Aquellas que deban ser aprobadas por el Senado.,Aquellas que deban ser aprobadas mediante Ley Orgánica.,Que esté declarado el estado de excepción o de sitio.,Todas son incorrectas.,B,Preguntas de Examenes Agente - Tema 3
TOPIC,3,Tema 3,31,31,La elección de Diputados en cada circunscripción se llevará a cabo siguiendo criterios de:,Representación inducida.,Representación proporcional.,Sistema mayoritario.,La Ley d´Hont.,B,Preguntas de Examenes Agente - Tema 3
TOPIC,3,Tema 3,32,32,Las Cortes Generales según el artículo 66 de la Constitución representan al pueblo español y están formadas por:,El Congreso de los Diputados.,El Senado.,El Congreso de los Diputados y el Senado.,"El Congreso de los Diputados, el Senado y la Diputación Permanente.",C,Preguntas de Examenes Agente - Tema 3
TOPIC,3,Tema 3,33,33,Las relaciones entre el Gobierno y las Cortes Generales se regulan:,En el Título I de la Constitución.,En el Título VIII de la Constitución.,En el Título V de la Constitución.,En el Título II de la Constitución.,C,Preguntas de Examenes Agente - Tema 3
TOPIC,3,Tema 3,34,34,"El veto del Senado, puede ser superado por el Congreso de los Diputados:",En ningún caso.,"Sí, mediante ratificación del texto del Senado.","Sí, mediante ratificación del texto anteriormente aprobado por el Congreso, por mayoría simple.","Sí, mediante ratificación del texto aprobado por el Congreso, con el quórum de la mayoría absoluta.",D,Preguntas de Examenes Agente - Tema 3
TOPIC,3,Tema 3,35,35,"En la deliberación de un asunto en sesión plenaria, la ausencia de uno o varios concejales o diputados, una vez iniciada la deliberación de un asunto, equivale:",A una votación negativa.,A una votación positiva.,A la abstención.,A la contabilización del voto en el sentido en que se haya pronunciado el grupo político al que pertenezca.,C,Preguntas de Examenes Agente - Tema 3
TOPIC,3,Tema 3,36,36,El Senado es elegido por un periodo:,De tres años.,Igual al del Congreso de los Diputados.,De cinco años.,De cuatro años.,D,Preguntas de Examenes Agente - Tema 3
TOPIC,3,Tema 3,37,37,Qué significa que los miembros de las Cortes Generales no están ligados por mandato imperativo:,Que no están vinculados por las órdenes que puedan recibir de sus votantes o representados.,Que cada miembro de las Cortes Generales representa a la totalidad  del pueblo español.,Que no cabe una revocación del mandato de los miembros del las Cortes Generales por quienes lo eligieron.,Todas las respuestas son correctas.,D,Preguntas de Examenes Agente - Tema 3
TOPIC,3,Tema 3,38,38,"Aprobada la reforma de la Constitución por las Cortes Generales, se someterá a referéndum para su ratificación (art. 167 de la Constitución española):","Cuando lo solicite, dentro de los quince días siguientes a su aprobación, una décima parte de los miembros de cualquiera de las Cámaras.","Cuando lo solicite, dentro de los diez días siguientes a su aprobación, un tercio de los miembros de cualquiera de las Cámaras.","Cuando lo solicite, en cualquier momento, una décima parte de los miembros de ambas Cámaras.","Cuando lo solicite, dentro de los diez días siguientes a su aprobación, el Congreso por mayoría de dos tercios, siempre que haya obtenido el voto favorable de la mayoría absoluta del Senado.",A,Preguntas de Examenes Agente - Tema 3
TOPIC,3,Tema 3,39,39,"Según el artículo 72 de la Constitución española, las sesiones conjuntas de las Cámaras se regirán por:",Un Reglamento de las Cortes Generales aprobado por mayoría absoluta de cada Cámara.,Los Reglamentos de ambas Cámaras aprobados por mayoría de cada una de ellas.,"Los Reglamentos de ambas Cámaras sometidos a una votación final sobre su totalidad, que requiera mayoría simple.",Un Reglamento aprobado por mayoría del Congreso.,A,Preguntas de Examenes Agente - Tema 3
TOPIC,3,Tema 3,40,40,Es función de la Diputación Permanente:,Convocar a las Cortes.,Autorizar presupuestos extraordinarios.,Autorizar ampliaciones de créditos.,Todas las respuestas anteriores son correctas.,D,Preguntas de Examenes Agente - Tema 3
TOPIC,3,Tema 3,41,41,Cuál es la composición actual de las Cortes Generales:,350 diputados y 266 senadores.,350 diputados y 275 senadores.,350 diputados y 285 senadores.,350 diputados y 295 senadores.,A,Preguntas de Examenes Agente - Tema 3
TOPIC,3,Tema 3,42,42,Cualquier alteración de los límites provinciales:,Habrá de ser aprobada por las Cortes Generales mediante ley orgánica.,Habrá de ser aprobada por las Cortes Generales mediante ley ordinaria.,Habrá de ser aprobada por el Congreso de los Diputados.,Habrá de ser aprobada por el Senado.,A,Preguntas de Examenes Agente - Tema 3
TOPIC,3,Tema 3,43,43,La fijación de la cuantía de las percepciones de los diputados se realizará:,Por el pleno del congreso.,Por la mesa del congreso.,Por la junta de portavoces.,Por la presidencia de la cámara.,B,Preguntas de Examenes Agente - Tema 3
TOPIC,3,Tema 3,44,44,Quién representa al pueblo español:,El Congreso de los Diputados.,El Senado.,Las Cortes Generales.,El Rey.,C,Preguntas de Examenes Agente - Tema 3
TOPIC,3,Tema 3,45,45,"Señala la respuesta correcta. A la vista del artículo 66 de la Constitución Española, las Cortes Generales:","Representan al pueblo español y están formadas por el Congreso de los Diputados y el Senado, ejercen la potestad legislativa del Estado, aprueban sus presupuestos, controlan la acción del Gobierno y tienen las demás competencias que les atribuya la Constitución.",Son elegidas por cuatro años. El mandato de los diputados y senadores termina cuatro años después de su elección o el día de la disolución de las Cámaras.,Los miembros de las Cortes Generales no estarán ligados por mandato imperativo.,Son elegidos por cuatro años salvo prórroga de su mandato en los términos previstos en el presente título.,A,Preguntas de Examenes Agente - Tema 3
TOPIC,3,Tema 3,46,46,Señala la opción correcta en relación a lo que establece el artículo 68 de la Constitución Española de 1978:,El Congreso de los Diputados se compone de 350 Diputados.,El Congreso de los Diputados se compone de 300 Diputados.,El Congreso de los Diputados se compone de 400 Diputados.,El Congreso de los Diputados se compone de un mínimo de 300 y de un máximo de 400 Diputados.,D,Preguntas de Examenes Agente - Tema 3
TOPIC,3,Tema 3,47,47,El poder legislativo ne regula en el Título III de la Constitución bajo la rúbrica:,Del poder legislativo.,De las Cámaras.,De las Cortes Generales.,Del Congreso y del senado.,C,Preguntas de Examenes Agente - Tema 3
TOPIC,3,Tema 3,48,48,Según el artículo 67 de la Constitución española:,No se puede ser miembro de Les Corts y Diputado del Congreso.,Si se puede ser miembro de Les Corts y Diputado del Congreso.,Si se puede ser miembro del Congreso y del Senado.,No puede ser miembro del Congreso y magistrado del Tribunal Constitucional.,A,Preguntas de Examenes Agente - Tema 3
TOPIC,3,Tema 3,49,49,Constitución Española. La prestación del consentimiento del Estado para obligarse por medio de tratados o convenios requerirá la previa autorización:,Del Gobierno.,De las Cortes Generales.,Del Rey.,Del Congreso.,B,Preguntas de Examenes Agente - Tema 3
TOPIC,3,Tema 3,50,50,Son leyes orgánicas:,Las relativas al desarrollo de los derechos fundamentales y de las libertades públicas.,Las que aprueban los Estatutos de Autonomía.,Las que aprueban el régimen electoral general y las demás previstas en la constitución.,Todas las citadas.,D,Preguntas de Examenes Agente - Tema 3
TOPIC,3,Tema 3,51,51,"Para establecer tratados de carácter militar será preceptivo la autorización de las Cortes Generales, según el artículo de la Constitución Española:",94 Punto 1 Apartado b.,94 Punto 1 Apartado d.,94 Punto 2 Apartado b.,94 Punto 1 Apartado c.,A,Preguntas de Examenes Agente - Tema 3
TOPIC,3,Tema 3,52,52,"Los recursos del Fondo de Compensación Interterritorial son distribuidos entre las Comunidades Autónomas y provincias, en su caso:",Por las Cortes Generales.,Por el Tribunal de Cuentas.,Proporcionalmente a su población de derecho.,De común acuerdo.,A,Preguntas de Examenes Agente - Tema 3
TOPIC,3,Tema 3,53,53,"Extinguidas todas las líneas llamadas en Derecho, proveerá a la sucesión en la Corona en la forma que más convenga a los intereses de España:",El Congreso de los Diputados.,El Senado.,El Presidente del Gobierno.,Las Cortes Generales.,D,Preguntas de Examenes Agente - Tema 3
TOPIC,3,Tema 3,54,54,En cada Cámara habrá una Diputación Permanente compuesta por un mínimo de:,11 miembros.,21 miembros.,31 miembros.,Ninguna de las tres es correcta.,B,Preguntas de Examenes Agente - Tema 3
TOPIC,3,Tema 3,55,55,Las sentencias del Tribunal Constitucional han de publicarse en el:,Diario Oficial de las Cortes Generales.,Boletín Oficial del Estado.,Periódico de mayor circulación de la capital de España.,Tablón de Anuncios del propio Tribunal.,B,Preguntas de Examenes Agente - Tema 3
TOPIC,3,Tema 3,56,56,"Según la Constitución, la reforma de los Estatutos de autonomía se ajustará al procedimiento establecido en los mismos y requerirá, en todo caso, la aprobación:",Del Congreso de los Diputados.,Del Gobierno y del Congreso de los Diputados.,De la Cortes Generales.,Del Gobierno preautonómico y del Congreso.,C,Preguntas de Examenes Agente - Tema 3
TOPIC,3,Tema 3,57,57,Quién puede formular preguntas parlamentarias a los Ministros de Interior y Defensa:,Cualquier Diputado o Senador.,Sólo les pueden hacer preguntas parlamentarias los portavoces de los grupos políticos.,Sólo los diputados pueden formular preguntas a los Ministros.,Estos ministros están exentos de contestar preguntas parlamentaria.,A,Preguntas de Examenes Agente - Tema 3
TOPIC,3,Tema 3,58,58,La ley que regula el régimen electoral español es:,"Ley Orgánica 5/85, de 19 de junio, del Régimen Electoral General.","Ley de Bases 5/85, de 19 de junio, del Régimen Electoral General.","Ley Orgánica 7/85, de 2 de abril, del Régimen Electoral General.","Ley de Bases 7/85, de 2 de abril, del Régimen Local.",A,Preguntas de Examenes Agente - Tema 3
TOPIC,3,Tema 3,59,59,El número mínimo de Diputados previstos para el Congreso es de (art. 68 de la Constitución española):,250.,300.,350.,500.,B,Preguntas de Examenes Agente - Tema 3
TOPIC,3,Tema 3,60,60,"Conforme dispone el artículo 87.2 de la Constitución Española, las Asambleas de las Comunidades Autónomas:",Podrán solicitar del Gobierno la adopción de una proposición de ley.,Podrán solicitar del Gobierno la adopción de un proyecto de ley.,Podrán solicitar a la Mesa del Congreso una proposición de ley.,Todas son correctas.,B,Preguntas de Examenes Agente - Tema 3
TOPIC,3,Tema 3,61,61,Las Cortes Generales representan al pueblo español y están formadas por:,El Congreso de los Diputados y el Senado.,Las cortes autonómicas.,El presidente del gobierno y el jefe del estado.,Ninguna de las anteriores es correcta.,A,Preguntas de Examenes Agente - Tema 3
TOPIC,3,Tema 3,62,62,El nombramiento por parte del Rey del Presidente del Gobierno será refrendado por:,El Presidente de las Cortes Generales.,El Presidente del Congreso de los Diputados.,Por el Presidente del Senado.,Por el Jefe de la Casa del Rey.,B,Preguntas de Examenes Agente - Tema 3
TOPIC,3,Tema 3,63,63,Las Cortes Generales. Cuál de las siguientes afirmaciones NO es cierta:,Están integradas por el Congreso de los Diputados y el Senado.,El Congreso está compuesto por un mínimo de 300 diputados y un máximo de 400.,El Congreso de los Diputados es el órgano que aprueba la leyes del Estado Español.,Los diputados del Congreso se eligen por sufragio universal con la provincia como circunscripción.,C,Preguntas de Examenes Agente - Tema 3
TOPIC,3,Tema 3,64,64,Según el artículo 68 de la Constitución Española:,"En cada provincia se elegirán cuatro Senadores por sufragio universal, libre, igual, directo y secreto por los votantes de cada una de ellas, en los términos que señala una ley orgánica.",Las elecciones tendrán lugar entre los treinta días y sesenta días desde la terminación del mandato. El Congreso electo deberá ser convocado dentro de los veinticinco días siguientes a la celebración de las elecciones.,El Senado es elegido por cuatro años. El mandato de los Senadores termina cuatro años después de su elección o el día de la disolución de la Cámara.,Los Diputados y Senadores gozarán de inviolabilidad por las opiniones manifestadas en el ejercicio de sus funciones.,B,Preguntas de Examenes Agente - Tema 3
TOPIC,3,Tema 3,65,65,El Tribunal de Cuentas depende:,Del Gobierno.,De las Cortes Generales.,Del Ministerio de Economía y Hacienda.,De la Intervención General del Estado.,B,Preguntas de Examenes Agente - Tema 3
TOPIC,3,Tema 3,66,66,"El Título III de la Constitución, bajo el epígrafe de las Cortes Generales, queda compuesto de la siguiente manera:",Tres Capítulos y 29 artículos.,Tres Capítulos y 30 artículos.,Tres Capítulos y 31 artículos.,Tres Capítulos y 32 artículos.,C,Preguntas de Examenes Agente - Tema 3
TOPIC,3,Tema 3,67,67,"La alteración de un límite provincial, ha de ser aprobada por las Cortes Generales:","Sí, es absolutamente necesario, además mediante ley orgánica.","La alteración de los límites provinciales exige el consenso de su órganos de gobierno, ratificación ante el Senado y ley orgánica.","La alteración de los límites provinciales ha de ser propuesta, previo consenso de sus órganos de gobierno, ante el Senado, el cual se pronunciará al respecto en un plazo no superior a 6 meses, elevando la cuestión al Congreso para ratificación.",Ninguna respuesta anterior es correcta.,A,Preguntas de Examenes Agente - Tema 3
TOPIC,3,Tema 3,68,68,"Según el artículo 81 de la Constitución Española, son leyes orgánicas:",Las relativas a derechos y deberes de los ciudadanos.,Las que aprueban los Estatutos de Autonomía.,Aquellas que desarrollan el régimen electoral general y el de las comunidades autónomas.,Todas las respuestas son correctas.,B,Preguntas de Examenes Agente - Tema 3
TOPIC,3,Tema 3,69,69,"Según la Constitución de 1978, el Congreso, se compone:",De 350 Diputados.,De 400 Diputados.,De un mínimo de 300 y un máximo de 400 Diputados.,De un mínimo de 350 y un máximo de 400 Diputados.,C,Preguntas de Examenes Agente - Tema 3
TOPIC,3,Tema 3,70,70,Qué Tribunal es competente en una causa penal que se siga contra un Diputado:,La Sala II de la Audiencia Nacional.,La Sala I del Tribunal Supremo.,La Sala II del Tribunal Supremo.,La Sala I del Tribunal Constitucional.,C,Preguntas de Examenes Agente - Tema 3
TOPIC,3,Tema 3,71,71,No puede solicitar la celebración de una sesión extraordinaria de las Cortes Generales el/la:,Mayoría absoluta de sus miembros.,Diputación Permanente de ellas.,Mesa de cada Cámara.,Gobierno.,C,Preguntas de Examenes Agente - Tema 3
TOPIC,3,Tema 3,72,72,"Las Cortes Generales, conforme a lo provisto en el artículo 66.2 de la C.E:","Ejercen la potestad legislativa del Estado, aprueban sus Presupuestos, controlan la acción del Gobierno y tienen las demás competencias que les atribuya la Constitución.","Ejercen la potestad legislativa y reglamentaria del Estado, controlan la acción del Gobierno y la representación internacional del Estado.","Ejercen la potestad legislativa, reglamentaria y representativa del Estado, controlando la acción del Gobierno.",Únicamente ejercen la potestad legislativa del Estado.,A,Preguntas de Examenes Agente - Tema 3
TOPIC,3,Tema 3,73,73,El Congreso se compone de un número de Diputados entre:,300-500.,250-500.,300-400.,500-750.,C,Preguntas de Examenes Agente - Tema 3
TOPIC,3,Tema 3,74,74,Según la Constitución Española en la ciudad de Ceuta se elegirán:,2 senadores y 2 diputados.,1 senador 2 diputados.,2 senadores y 1 diputado.,Los representantes que determinen las normas electorales.,C,Preguntas de Examenes Agente - Tema 3
TOPIC,3,Tema 3,75,75,Qué órgano se configura como la institución suprema del Estado:,La Corona.,El Consejo General del Poder Judicial.,El Consejo de Ministros.,Las Cortes Generales.,D,Preguntas de Examenes Agente - Tema 3
TOPIC,3,Tema 3,76,76,"Según el artículo 82.1 de la Constitución Española, las Cortes Generales podrán delegar en el Gobierno la potestad de dictar normas con rango de ley sobre materias determinadas, excepto:",Aquellas que deban ser aprobadas por el Senado.,Aquellas que deban ser aprobadas mediante Ley Orgánica.,Que esté declarado el estado de excepción o de sitio.,Todas son correctas.,B,Preguntas de Examenes Agente - Tema 3
TOPIC,3,Tema 3,77,77,Cuánto tiempo dura el mandato de los Diputados:,Tres años.,Dos años.,Cuatro años.,Seis años.,C,Preguntas de Examenes Agente - Tema 3
TOPIC,3,Tema 3,78,78,"Según la Constitución Española de 1978, el defensor del pueblo podrá supervisar la actividad de la Administración, dando cuenta:",AI Rey.,Al Gobierno en pleno.,AI Presidente del Tribunal Constitucional.,A las Cortes Generales.,D,Preguntas de Examenes Agente - Tema 3
TOPIC,3,Tema 3,79,79,Quiénes tienen iniciativa legislativa según el art. 87 de la CE:,"El Gobierno, para adoptar proyectos de Ley, y el Congreso y el Senado, para adoptar proposiciones de Ley.","Las Asambleas de las Comunidades Autónomas, que podrán solicitar del Gobierno la adopción de un proyecto de ley o remitir a la Mesa del Congreso una proposición de ley.","Al menos 500.000 ciudadanos con firmas acreditadas, en la forma que prevea una Ley Orgánica, en los términos previstos en la CE.",Todas las respuestas son correctas.,D,Preguntas de Examenes Agente - Tema 3
TOPIC,3,Tema 3,80,80,La inviolabilidad parlamentaria es una prerrogativa que se extiende:,Solamente a los diputados.,Solamente a los diputados y senadores.,"A diputados, senadores y demás parlamentarios, por ejemplo los autonómicos.","A diputados, senadores, parlamentarios autonómicos y ayudante y colaboradores de los mismos.",C,Preguntas de Examenes Agente - Tema 3
TOPIC,3,Tema 3,81,81,Señala la respuesta correcta. Sobre qué materias podrán delegar las Cortes Generales en el Gobierno la potestad de dictar normas con rango de ley:,Sobre materias determinadas no incluidas en el artículo 81 de la Constitución.,Sobre el desarrollo de derechos fundamentales.,Sobre leyes orgánicas.,Sobre el desarrollo de libertades públicas.,A,Preguntas de Examenes Agente - Tema 3
TOPIC,3,Tema 3,82,82,El Senado también es conocido como:,Cámara baja.,Cámara de representación territorial.,Cámara de representación general.,Cámara de los Senadores.,B,Preguntas de Examenes Agente - Tema 3
TOPIC,3,Tema 3,83,83,Las Cortes Generales ejercen:,La Potestad legislativa del Estado.,La Potestad reglamentaria.,La Potestad jurisdiccional.,Ninguna es correcta.,A,Preguntas de Examenes Agente - Tema 3
TOPIC,3,Tema 3,84,84,En qué título de la constitución regula las CORTES GENERALES:,"En el título III de la Constitución Española, bajo la rúbrica de las Cortes Generales.","En el título II de la Constitución Española, bajo la rúbrica de las Cortes Generales.","En el título I de la Constitución Española, bajo la rúbrica de las Cortes Generales.",Las cortes generales no están reguladas en el texto constitucional.,A,Preguntas de Examenes Agente - Tema 3
TOPIC,3,Tema 3,85,85,Una ley ordinaria precisa de:,"Su aprobación por las Cortes Generales en pleno o por comisiones, de acuerdo con los artículos 79 a 90 de la Constitución Española y por mayoría simple.","Su aprobación por de las Cortes Generales en pleno o por comisiones, de acuerdo con los artículos 87 a 90 y 79 de la Constitución Española, por mayoría simple.","Su aprobación por las Cortes Generales en pleno o por comisiones, de acuerdo con los artículos 87 a 90 y 79 de la Constitución Española, por mayoría absoluta.","Exige el pleno de ambas Cámaras y la mayoría absoluta del Congreso de los Diputados, en una votación y en el Senado, sólo sería necesaria la mayoría simple.",B,Preguntas de Examenes Agente - Tema 3
TOPIC,3,Tema 3,86,86,"Aprobados y promulgado los decretos un Decreto-ley, éste deberá ser sometido a debate y votación de totalidad al Congreso de los Diputados, convocado al efecto si no estuviere reunido, en el plazo de:",Los veinte días siguientes a su promulgación.,Los treinta días siguientes a su promulgación.,Un mes siguiente a su promulgación.,Los quince días siguientes a su promulgación.,B,Preguntas de Examenes Agente - Tema 3
TOPIC,3,Tema 3,87,87,"Las leyes orgánicas requieren para su aprobación un determinado quórum del Congreso de los Diputados, que es :",Mayoría absoluta de los miembros presentes.,Mayoría absoluta del número legal de miembros.,Mayoría simple del número de miembros de derecho.,"Dos tercios del número de hecha y, en todo caso, mayoría absoluta del número legal de miembros.",B,Preguntas de Examenes Agente - Tema 3
TOPIC,3,Tema 3,88,88,Señala la respuesta incorrecta. El artículo 66 de la Constitución Española establece que:,Las Cortes Generales representan al pueblo español y están formadas por el Congreso de los Diputados y el Senado.,Las Cortes Generales aprueban las Leyes y demás normas fundamentales del Estado.,"Las Cortes Generales ejercen la potestad legislativa del Estado, aprueban sus Presupuestos, controlan la acción del Gobierno y tienen las demás competencias que les atribuya la Constitución.",Las Cortes Generales son inviolables.,B,Preguntas de Examenes Agente - Tema 3
TOPIC,3,Tema 3,89,89,Qué función de las Cortes Generales enumera la Constitución en primer lugar:,El control de la acción legislativa.,La función presupuestaria.,El ejercicio de la potestad legislativa.,La relacionada con la reforma constitucional.,C,Preguntas de Examenes Agente - Tema 3
TOPIC,3,Tema 3,90,90,El candidato a Presidente del Gobierno es propuesto por el Rey ante:,El Congreso de los Diputados.,El Senado.,Las Cortes Generales.,El nuevo Gobierno electo.,A,Preguntas de Examenes Agente - Tema 3
TOPIC,3,Tema 3,91,91,"Según el Artículo 67.2 de la Constitución, los miembros de las Cortes Generales:",Estarán ligadas por mandato imperativo durante el ejercicio de sus cargos.,Estarán ligadas por mandato imperativo y representativo.,No estarán ligadas por mandato imperativo.,No estarán ligadas por mandato irretroactivo.,C,Preguntas de Examenes Agente - Tema 3
TOPIC,3,Tema 3,92,92,El proyecto de Estatuto será elaborado por una Asamblea compuesta por:,Los miembros de la Junta u órgano interinsular de las provincias afectadas.,Los Alcaldes y Concejales de los Municipios afectados.,Por los Diputados o Senadores elegidos en ellas y será elevado a las Cortes Generales para su tramitación como Ley.,Todas las respuestas anteriores son ciertas.,C,Preguntas de Examenes Agente - Tema 3
TOPIC,3,Tema 3,93,93,Señala cuál de las siguientes afirmaciones es incorrecta:,"Las Cortes Generales ejercen la potestad legislativa del Estado, aprueban sus Presupuestos, dirigen la acción del Gobierno y tienen las demás competencias que les atribuya la Constitución.",Las Cortes Generales son inviolables.,"Nadie podrá ser miembro de las dos Cámaras simultáneamente, ni acumular el acta de una Asamblea de Comunidad Autónoma con la de Diputado al Congreso.",Los miembros de las Cortes Generales no estarán ligados por mandato imperativo.,A,Preguntas de Examenes Agente - Tema 3
TOPIC,3,Tema 3,94,94,La composición del congreso de los diputados será en cuanto al número:,"De un mínimo de 300 y un máximo de 400 diputados según artículo 68.1, siendo el número actual de 350.","De un mínimo de 350 y un máximo de 400, siendo actualmente de 400 diputados según el artículo 69 del texto constitucional.",El texto constitucional no establece mínimos en cuanto al número de diputados.,"De un mínimo de 350 y un máximo de 400 diputados, siendo en la actualidad 350 diputados.",A,Preguntas de Examenes Agente - Tema 3
TOPIC,3,Tema 3,95,95,Para formar grupo parlamentario en el Senado serán necesarios:,Quince Senadores.,Diez Senadores.,Veinticinco Senadores.,Veinte Senadores.,B,Preguntas de Examenes Agente - Tema 3
TOPIC,3,Tema 3,96,96,"De conformidad con el artículo 91 de la Constitución Española, el Rey sancionará las leyes aprobadas por las Cortes Generales, en el plazo de:",Quince días.,Treinta días.,Un mes.,Tres meses.,A,Preguntas de Examenes Agente - Tema 3
TOPIC,3,Tema 3,97,97,"Respecto al Senado, la Constitución no establece que:",En cada provincia se elegirán cuatro Senadores.,A Palma de Mallorca le corresponde elegir tres Senadores.,A Gran Canaria le corresponde elegir tres Senadores.,Todas son correctas.,B,Preguntas de Examenes Agente - Tema 3
TOPIC,3,Tema 3,98,98,"De acuerdo con la Constitución, son leyes orgánicas:",Las relativa al desarrollo de los derechos fundamentales y libertades públicas.,Las que aprueban los Estatutos de Autonomía y el régimen electoral general y las demás previstas en la Constitución.,Ambas son correctas.,Ambas son incorrectas.,C,Preguntas de Examenes Agente - Tema 3
TOPIC,3,Tema 3,99,99,El estado de alarma será declarado dando cuenta:,Al Rey.,A las Cortes Generales.,Al Congreso de los Diputados.,Al Consejo de Ministros.,C,Preguntas de Examenes Agente - Tema 3
TOPIC,3,Tema 3,100,100,"De acuerdo con el artículo 69.4 de la Constitución Española, las poblaciones de Ceuta y Melilla elegirán cada una de ellas:","1 senador Ceuta y otro Melilla, total dos senadores.",2 senadores cada una de ellas.,"Ceuta y Melilla eligen diputados, pero no senadores.","Las ciudades autónomas no eligen ni diputados, ni senadores.",B,Preguntas de Examenes Agente - Tema 3
TOPIC,3,Tema 3,101,101,Los Reglamentos de las Cámaras Congreso de los Diputados y Senado son:,Actos administrativos de carácter reglamentario subyugados a la Ley Orgánica del Tribunal Constitucional.,Normas con carácter de Ley aprobadas por el Gobierno y conforme al Estatuto de las Cámaras.,Normas con carácter de Ley.,"Actos administrativos sometidos únicamente al control de la Mesa del Congreso, de conformidad con lo establecido en la Ley Orgánica 2/1979.",C,Preguntas de Examenes Agente - Tema 3
TOPIC,3,Tema 3,102,102,"En las causas contra Diputados y Senadores será competente la Sala de lo Penal del Tribunal supremo, según qué artículo de la Constitución Española:",Art 72 punto 3.,Art 71 punto 3.,Art 71 punto 2.,Art 71 punto 1.,B,Preguntas de Examenes Agente - Tema 3
TOPIC,3,Tema 3,103,103,"De acuerdo con el artículo 70 de la Constitución Española, resultan inelegibles como diputados y senadores:",Los presidentes de las reales academias y quienes ejerzan altos patronazgos de Instituciones reales.,Los miembros de las cámaras legislativas autonómicas.,Los miembros de las juntas electorales.,Los militares.,C,Preguntas de Examenes Agente - Tema 3
TOPIC,3,Tema 3,104,104,"Respecto a las prerrogativas y prohibiciones de los Senadores y Diputados según la Constitución Española, no es cierto que:",Los Diputados y Senadores gozarán de Inviolabilidad por las opiniones manifestadas en el ejercicio de sus funciones.,Durante el periodo de su mandato los Diputados y Senadores gozarán de Inmunidad y sólo podrán ser detenidos en caso de flagrante delito.,No podrán ser imputados ni procesados sin la previa autorización de la Cámar respectiva.,Todas son ciertas.,C,Preguntas de Examenes Agente - Tema 3
TOPIC,3,Tema 3,105,105,"Según la Constitución Española de 1978, si no hubiera ninguna persona a quien corresponda la regencia, ésta será nombrada por:","Las Cortes Generales, y se compondrá por una, dos o tres personas.",Las Cortes Generales y el Gobierno.,"Las Cortes Generales y se compondrá por una, tres o cinco personas.","Las Cortes Generales y el Gobierno, y se compondrá de una, tres o cinco personas.",C,Preguntas de Examenes Agente - Tema 3
TOPIC,3,Tema 3,106,106,"Complete la frase, la Constitución Española establece en su _________ que El Rey sancionará en el plazo de _________________ las leyes aprobadas por las Cortes Generales, y las promulgará y ordenará su inmediata publicación:",Artículo 92 / Quince días hábiles.,Artículo 91 / Veinte días hábiles.,Artículo 91 / Quince días.,Ninguna es correcta.,C,Preguntas de Examenes Agente - Tema 3
TOPIC,3,Tema 3,107,107,Ante quién debe rendir cuentas el Defensor del Pueblo:,Ante el Gobierno y la Administración.,Ante las Cortes Generales.,Ante el Congreso de los Diputados.,Ante los Tribunales y el Congreso de los Diputados.,B,Preguntas de Examenes Agente - Tema 3
TOPIC,3,Tema 3,108,108,"La solemne sesión de apertura de la legislatura en el Congreso de los Diputados, tendrá lugar:",En el plazo máximo de 20 días desde la celebración de las elecciones.,En el plazo máximo de un mes desde la celebración de las elecciones.,Dentro del plazo de los quince días siguientes a la celebración de la sesión constitutiva.,Dentro del plazo máximo de 20 días desde la celebración de las elecciones.,C,Preguntas de Examenes Agente - Tema 3
TOPIC,3,Tema 3,109,109,Conforme a lo previsto en el artículo 6 del Reglamento del Congreso de los Diputados:,Los Diputados tendrán el derecho y el deber de asistir con voto a las sesiones del Pleno del Congreso.,Los Diputados tendrán el derecho y el deber de asistir con voto a las sesiones de las Comisiones de que formen parte.,Los Diputados tendrán el deber de asistir a las sesiones de las Comisiones de que formen parte.,"Los Diputados podrán asistir, sin voto, a las sesiones de las Comisiones de que no formen parte.",D,Preguntas de Examenes Agente - Tema 3
TOPIC,3,Tema 3,110,110,Quién debe reconocer la imposibilidad del Rey para ejercer sus funciones:,El Gobierno.,El Congreso de los Diputados.,La Familia Real.,Las Cortes Generales.,D,Preguntas de Examenes Agente - Tema 3
TOPIC,3,Tema 3,111,111,En las causas contra Diputados y Senadores será competente:,La Sala de lo Penal del Tribunal Superior de Justicia.,La Sala de lo Penal del Tribunal Supremo.,La Sala de lo Penal del Tribunal Constitucional.,Ninguna de las tres es correcta.,B,Preguntas de Examenes Agente - Tema 3
TOPIC,3,Tema 3,112,112,Cuál de las siguientes funciones no está asignada a las Cortes Generales:,Reconocer la incapacidad del Rey en caso de que se produzca.,Autorizar los acuerdos de cooperación entre Comunidades Autónomas.,Otorgar autorización al Rey para declarar la guerra.,Nombrar al Presidente del Gobierno.,D,Preguntas de Examenes Agente - Tema 3
TOPIC,3,Tema 3,113,113,"Según la Constitución los miembros de las Cortes Generales, están ligados por mandato imperativo:",No.,Sí.,Solamente si lo decide el Grupo Político al que pertenecen.,"Si, cuando afecta a derechos y libertades fundamentales.",A,Preguntas de Examenes Agente - Tema 3
TOPIC,3,Tema 3,114,114,Podrán constituirse en Grupo Parlamentario:,"Los Diputados, en número no inferior a diez o los diputados de una o varias formaciones políticas que, aún sin reunir dicho mínimo, hubieren obtenido un número de escaños no inferior a cinco y, al menos, el quince por ciento, de los votos correspondientes a las circunscripciones en que hubieren presentado candidatura o el cinco por ciento de los emitidos en el conjunto de la Nación.","Los Diputados, en número no inferior a quince o los Diputados de una o varias formaciones políticas que, aún sin reunir dicho mínimo, hubieren obtenido un número de escaños no inferior a cinco y, al menos, el quince por ciento, de los votos votos correspondientes a las circunscripciones en que hubieren presentado candidatura o el cinco por ciento de los emitidos en el conjunto de la Nación.","Los Diputados, en número no inferior a quince o los Diputados de una o varias formaciones políticas que, aún sin reunir dicho mínimo, hubieren obtenido un número de escaños no inferior a diez y, al menos, el quince por ciento, de los votos correspondientes a las circunscripciones en que hubieren presentado candidatura o el cinco por ciento de los emitidos en el conjunto de la Nación.","Los Diputados, en número no inferior a quince o los Diputados de una o varias formaciones políticas que, aún sin reunir dicho mínimo, hubieren obtenido un número de escaños no inferior a cinco y, al menos, el quince por ciento, de los votos correspondientes a las circunscripciones en que hubieren presentado candidatura o el diez por ciento de los emitidos en el conjunto de la Nación.",C,Preguntas de Examenes Agente - Tema 3
TOPIC,3,Tema 3,115,115,Señala la respuesta correcta según el Reglamento del Congreso de Diputados:,"Los Diputados, en número no inferior a quince, podrán constituirse en Grupo Parlamentario. Podrán también constituirse en Grupo Parlamentario los Diputados de una o varias formaciones políticas que, aun sin reunir dicho mínimo, hubieren obtenido un número de escaños no inferior a cinco y, al menos, el cinco por ciento, de los votos correspondientes a las circunscripciones en que hubieren presentado candidatura o los emitidos en el conjunto de la Nación.","Los Diputados, en número no inferior a quince, podrán constituirse en Grupo Parlamentario. Podrán también constituirse en Grupo Parlamentario los Diputados de una o varias formaciones políticas que, aun sin reunir dicho mínimo, hubieren obtenido un número de escaños no inferior a cinco y, al menos, el quince por ciento, de los votos correspondientes a las circunscripciones en que hubieren presentado candidatura o el cinco por ciento de los emitidos en el conjunto de la Nación.","Los Diputados, en número no inferior a quince, podrán constituirse en Grupo Parlamentario. Podrán también constituirse en Grupo Parlamentario los Diputados de una o varias formaciones políticas que, aun sin reunir dicho mínimo, hubieren obtenido un número de escaños superior a cinco y, al menos, el diez por ciento, de los votos correspondientes a las circunscripciones en que hubieren presentado candidatura o el cinco por ciento de los emitidos en el conjunto de la Nación.","Los Diputados, en número no inferior a quince, podrán constituirse en Grupo Parlamentario. Podrán también constituirse en Grupo Parlamentario los Diputados de una o varias formaciones políticas que, aun sin reunir dicho mínimo, hubieren obtenido un número de escaños superior a cinco y, al menos, el diez por ciento, de los votos correspondientes a las circunscripciones en que hubieren presentado candidatura o el siete por ciento de los emitidos en el conjunto de la Nación.",B,Preguntas de Examenes Agente - Tema 3
TOPIC,3,Tema 3,116,116,Salvo en el caso de Ceuta y Melilla a cada circunscripción le corresponde una representación mínima inicial de:,Un Diputado.,Dos Diputados.,Tres Diputados.,Cuatro Diputados.,B,Preguntas de Examenes Agente - Tema 3
TOPIC,3,Tema 3,117,117,"Según establece el artículo 66.2 de la CE, quién controla la acción del Gobierno:",El defensor del pueblo.,El Congreso de los Diputados.,El Senado.,Las Cortes Generales.,D,Preguntas de Examenes Agente - Tema 3
TOPIC,3,Tema 3,118,118,No es una función de las Cortes Generales:,Designar al Defensor del Pueblo.,"El examen, enmienda y aprobación de los Presupuestos Generales del Estado .",El control sobre la Administración.,Todas las citadas son funciones de las Cortes Generales.,D,Preguntas de Examenes Agente - Tema 3
TOPIC,3,Tema 3,119,119,Un acto legislativo de un parlamento puede ser objeto de un delito de prevaricación por parte de los diputados que lo firman:,"Si, si se dicta de forma arbitraria y a sabiendas de su injusticia.","Si, al tener los diputados competencia genérica para dictarlo.","No, ya que requeriría además que los diputados fuesen funcionarios.","No, al tratarse de un asunto legislativo y no administrativo.",D,Preguntas de Examenes Agente - Tema 3
TOPIC,3,Tema 3,120,120,"Según el artículo 20 del Reglamento del Congreso de Diputados, regula que los derechos y prerrogativas serán efectivos desde el momento mismo en que el Diputado sea proclamado electo:","Sin embargo antes de celebrarse la primera sesión plenaria sin que el Diputado adquiera la condición de tal, conforme al apartado precedente, no tendrá derechos ni prerrogativas hasta que dicha adquisición se produzca.","Sin embargo celebrada la sesión constitutiva sin que el Diputado adquiera la condición de tal, conforme al apartado precedente, no tendrá derechos ni prerrogativas hasta que dicha adquisición se produzca.","Sin embargo celebradas dos sesiones plenarias sin que el Diputado adquiera la condición de tal, conforme al apartado precedente, no tendrá derechos ni prerrogativas hasta que dicha adquisición se produzca.","Sin embargo celebradas tres sesiones plenarias sin que el Diputado adquiera la condición de tal, conforme al apartado precedente, no tendrá derechos ni prerrogativas hasta que dicha adquisición se produzca.",D,Preguntas de Examenes Agente - Tema 3
TOPIC,3,Tema 3,121,121,El poder legislativo se regula en el Título III de la Constitución bajo la rúbrica:,Del poder legislativo.,De las Cámaras.,De las Cortes Generales.,Del Congreso y del Senado.,C,Preguntas de Examenes Agente - Tema 3
TOPIC,3,Tema 3,122,122,Qué miembros de las Cortes Generales conservan su condición de parlamentarios aún después de expirar su mandato:,Los Presidentes de ambas cámaras.,El mandato de todos los parlamentarios expira en el momento de disolverse las Cámaras o agotar la legislatura.,Los miembros de las Juntas de Portavoces.,Los miembros de las Diputaciones Permanentes.,D,Preguntas de Examenes Agente - Tema 3
TOPIC,3,Tema 3,123,123,A quién corresponde apreciar la necesidad de elaborar una ley de armonización:,A las Cortes Generales por mayoría simple.,Al Gobierno de la Nación.,A las Cortes Generales por mayoría de dos tercios.,A las Cortes Generales por mayoría absoluta.,D,Preguntas de Examenes Agente - Tema 3
TOPIC,3,Tema 3,124,124,El Rey de España es proclamado ante:,El pueblo español.,Las Cortes Generales.,El Congreso de la Diputados.,El Gobierno.,B,Preguntas de Examenes Agente - Tema 3
TOPIC,3,Tema 3,125,125,Los Diputados y Senadores percibirán una asignación que será fijada:,Por el Gobierno.,Por las Cortes Generales.,Por las respectivas Cámaras.,Por ley orgánica.,C,Preguntas de Examenes Agente - Tema 3
TOPIC,3,Tema 3,126,126,Los Diputados del Congreso deberán ser elegidos por sufragio:,"Universal, libre, igual, directo y secreto.","Universal, democrático, igual, directo y secreto.","Universal, libre, igual, indirecto y secreto.","Universal, libre, representativo, directo y secreto.",A,Preguntas de Examenes Agente - Tema 3
TOPIC,3,Tema 3,127,127,"Según la Constitución Española, el Congreso se compone de:",380 Diputados.,330 Diputados.,Un mínimo de 300 y un máximo de 400 Diputados.,Un mínimo de 350 y un máximo de 400 Diputados.,C,Preguntas de Examenes Agente - Tema 3
TOPIC,3,Tema 3,128,128,Las elecciones al Congreso de los Diputados tendrán lugar:,Entre los 15 y 30 días desde la terminación del mandato.,Entre los 30 y 60 días desde la terminación del mandato.,Entre los 20 y 30 días desde la terminación del mandato.,Entre los 20 y 60 días desde la terminación del mandato.,B,Preguntas de Examenes Agente - Tema 3
TOPIC,3,Tema 3,129,129,Quién debe reconocer la imposibilidad del Rey para ejercer sus funciones:,El Gobierno.,El Congreso de los Diputados.,La Familia Real.,Las Cortes Generales.,D,Preguntas de Examenes Agente - Tema 3
TOPIC,3,Tema 3,130,130,Qué órgano se configura como la institución suprema del Estado:,Las Cortes Generales.,La Corona.,El Consejo General del Poder Judicial.,El Consejo de Ministros.,A,Preguntas de Examenes Agente - Tema 3
TOPIC,3,Tema 3,131,131,"Cuál de las siguientes funciones, de las detalladas en el art. 66 de la Constitución Española, no corresponde a las Cortes Generales:",Ejercer la potestad legislativa del estado.,Aprobar los Presupuestos del Estado.,Controlar la acción del Gobierno.,Ejercer la potestad reglamentaria.,D,Preguntas de Examenes Agente - Tema 3
TOPIC,3,Tema 3,132,132,EI número de Diputados que componen el Congreso se determina de forma concreta:,En el Reglamento del Congreso de Diputados.,En el artículo 68 de la Constitución.,En el Reglamento de las Cortes Generales.,En la Ley Orgánica del Régimen Electoral General.,D,Preguntas de Examenes Agente - Tema 3
TOPIC,3,Tema 3,133,133,"Según el artículo 14 del Reglamento del Congreso de Diputados, que plazo, contados a partir del acuerdo del Pleno de la Cámara sobre concesión o denegación de la autorización solicitada, el Presidente del Congreso dará traslado del mismo a la autoridad judicial, advirtiéndole de la obligación de comunicar a la Cámara los Autos y Sentencias que se dicten y afecten personalmente al Diputado:",7 días.,8 días.,10 días.,15 días.,B,Preguntas de Examenes Agente - Tema 3
TOPIC,3,Tema 3,134,134,"De acuerdo con el artículo 66.3 de la Constitución, las Cortes Generales gozan de:",Inmunidad.,Inviolabilidad.,Autonomía.,Fuero procesal penal.,B,Preguntas de Examenes Agente - Tema 3
TOPIC,3,Tema 3,135,135,Expirado el mandato o en caso de disolución de las Cámaras:,Las Diputaciones permanentes seguirán ejerciendo sus funciones hasta la constitución de las nuevas cortes generales.,Las Diputaciones permanentes seguirán ejerciendo sus funciones hasta la constitución de las nuevas comisiones legislativas permanentes.,Las diputaciones permanentes seguirán ejerciendo sus funciones durante 15 días como máximo.,Las diputaciones permanentes seguirán ejerciendo sus funciones durante 30 días como máximo.,A,Preguntas de Examenes Agente - Tema 3
TOPIC,3,Tema 3,136,136,Las Cortes Generales. Las Cámaras representan al pueblo español y están formadas por el Congreso de los Diputados y el Senado:,"Ejercen la potestad legislativa, jurídica y orgánica del Estado, aprueban los presupuestos.","Ejercen la potestad legislativa del Estado, aprueban los presupuestos, controlan la acción del gobierno.","Ejercen la potestad legislativa, territorial del Estado, aprueban los presupuestos y son modificables.",Todas las respuestas anteriores son falsas.,B,Preguntas de Examenes Agente - Tema 3
TOPIC,3,Tema 3,137,137,"Indique de las siguientes respuestas cuál es la incorrecta, según el artículo 68 de la Constitución española de 1978:","El Congreso se compone de un mínimo de 300 y un máximo de 400 Diputados, elegidos por sufragio universal, libre, igual, directo y secreto, en los términos que establezca la ley.",El Congreso es elegido por cuatro años. El mandato de los Diputados termina cuatro años después de su elección o el día de disolución de la Cámara.,Las elecciones tendrán lugar entre los treinta días y noventa días desde la terminación del mandato. El Congreso electo deberá ser convocado dentro de los veinticinco días siguientes a la celebración de las elecciones.,La elección se verificará en cada circunscripción atendiendo a criterios de representación proporcional.,C,Preguntas de Examenes Agente - Tema 3
TOPIC,3,Tema 3,138,138,"Respecto a las prerrogativas y prohibiciones de los Senadores y Diputados, no es cierto que:",Los Diputados y Senadores gozarán de inviolabilidad por las opiniones manifestadas en el ejercicio de sus funciones.,Durante el período de su mandato los Diputados y Senadores gozarán de inmunidad y sólo podrán ser detenidos en caso de flagrante delito.,Los Diputados y Senadores no podrán ser inculpados ni procesados sin la previa autorización de la Cámara respectiva.,Los miembros de las Cortes Generales estarán ligados por mandato imperativo.,D,Preguntas de Examenes Agente - Tema 3
TOPIC,3,Tema 3,139,139,Quién de la Cámara Baja estudia y emite el informe sobre las diversas enmiendas presentadas a una ley:,La mesa del propio Congreso.,La mesa de la Junta de Portavoces.,La ponencia de la Comisión permanente.,La Comisión.,C,Preguntas de Examenes Agente - Tema 3
TOPIC,3,Tema 3,140,140,La vigente Constitución española fue aprobada por su majestad el Rey el día:,1978-12-27 .,1978-10-31 .,"La constitución no es aprobada por el Rey, sino por el pueblo español el 6 de diciembre de 1978.","La constitución no es aprobada por el Rey, sino por las Cortes Generales el 31 de octubre de 1978.",D,Preguntas de Examenes Agente - Tema 3
TOPIC,3,Tema 3,141,141,Según la Constitución Española declarar la guerra y hacer la paz corresponde:,Al Gobierno.,"Al Presidente del Gobierno, previa autorización del Congreso.",Al Rey previa autorización de las Cortes Generales.,La Constitución prohíbe la declaración unilateral de la guerra.,C,Preguntas de Examenes Agente - Tema 3
TOPIC,3,Tema 3,142,142,Los diputados deberán ser elegidos por sufragio:,"Universal, libre, igual, directo y secreto.","Universal, democrático, directo y secreto.","Universal, libre, representativo, directo y secreto.","Universal. Libre, indirecto y secreto.",A,Preguntas de Examenes Agente - Tema 3
TOPIC,3,Tema 3,143,143,Señala la afirmación correcta:,La circunscripción electoral es la Comarca.,"Los Diputados son elegidos por sufragio universal, libre, igual, directo y secreto, en los términos establecidos reglamentariamente.","La Ley distribuirá el número total de Diputados, asignando una representación mínima inicial a cada circunscripción y distribuyendo los demás en proporción a su superficie.",La elección se verificará en cada circunscripción atendiendo a criterios de representación proporcional. (ART. 68.3 CE).,D,Preguntas de Examenes Agente - Tema 3
TOPIC,3,Tema 3,144,144,"De acuerdo con lo dispuesto en el artículo 68.1 de la Constitución Española, el congreso está formado por:",345 diputados.,350 diputados.,355 diputados.,Ninguna es correcta.,D,Preguntas de Examenes Agente - Tema 3
TOPIC,3,Tema 3,145,145,"Las manifestaciones ante las sedes del Congreso de los Diputados, del Senado, cuando estén reunidos, alterando su normal funcionamiento:",Constituyen un delito para quienes asistan a ellas.,Quién de la Cámara Baja estudia y emite el informe sobre las diverses enmiendas presentadas a una ley:.,Constituyen una infracción administrativa pero no un delito.,Constituyen un delito aunque incluso si no estuviesen reunidas.,B,Preguntas de Examenes Agente - Tema 3
TOPIC,3,Tema 3,146,146,Ceuta cuenta en el Congreso de los Diputados con el siguiente número de diputados:,Uno.,Dos.,Tres.,Ninguno.,A,Preguntas de Examenes Agente - Tema 3
TOPIC,3,Tema 3,147,147,"Cuál es el número máximo de miembros del Congreso de los Diputados, según la Constitución:",300.,350.,400.,500.,C,Preguntas de Examenes Agente - Tema 3
TOPIC,3,Tema 3,148,148,Los diputados y senadores no podrán ser inculpados ni procesados sin la previa autorización de:,El Congreso de los Diputados.,La Cámara respectiva.,Los Presidentes de la Cámara respectiva.,El Tribunal Constitucional.,B,Preguntas de Examenes Agente - Tema 3
TOPIC,3,Tema 3,149,149,"Respecto la Cámara baja, señala la respuesta incorrecta:",También es conocida como el Senado.,La CE establece el número exacto de componentes de la misma.,Tiene mayores funciones constitucionales y legales que la Cámara Alta.,"Dicha denominación nace en 1836, durante la Regencia de María Cristina por la minoría de edad de la Reina Isabel II.",A,Preguntas de Examenes Agente - Tema 3
TOPIC,3,Tema 3,150,150,Qué número mínimo de Diputados se asigna a cada provincia:,Un diputado.,Dos diputados.,Tres diputados.,Dependerá en todo caso de la importancia numérica de la población.,B,Preguntas de Examenes Agente - Tema 3
TOPIC,3,Tema 3,151,151,"Según el art 70.1 de la CE, la Ley electoral determinará las causas de inelegibilidad e incompatibilidad de los Diputados y Senadores, que comprenderán, en todo caso:","A los Magistrados, Jueces y Fiscales estén o no activos.",Al Defensor del Pueblo.,A los miembros del Tribunal de cuentas.,A los militares profesionales y miembros de las Fuerzas y Cuerpos de Seguridad y Policía aunque no estén en activo.,B,Preguntas de Examenes Agente - Tema 3
TOPIC,3,Tema 3,152,152,El Congreso de los Diputados es elegido por un periodo de:,Cuatro años.,Tres años.,Dos años.,Indefinido.,A,Preguntas de Examenes Agente - Tema 3
TOPIC,3,Tema 3,153,153,"En caso de que se celebre sesión conjunta del Congreso de los Diputados y del Senado, quién debe presidirla:",El Jefe del Estado.,El Presidente del Congreso de los Diputados.,El Presidente del Gobierno.,El Presidente del Senado.,B,Preguntas de Examenes Agente - Tema 3
TOPIC,3,Tema 3,154,154,Quién ejerce la función ejecutiva y la potestad reglamentaria de acuerdo con la Constitución y las leyes:,El Presidente del Gobierno.,El Gobierno.,Las Cortes Generales.,El Congreso de los Diputados.,B,Preguntas de Examenes Agente - Tema 3
TOPIC,3,Tema 3,155,155,"De conformidad con la Constitución Española de 1978 en su artículo 68, el Congreso se compone:",350 Diputados.,Un mínimo de 300 y un máximo de 315 Diputados.,Un mínimo de 300 y un máximo de 400 Diputados.,Un máximo de 350 Diputados.,C,Preguntas de Examenes Agente - Tema 3
TOPIC,3,Tema 3,156,156,Para procesar a un Diputado o Senador es necesario que el parlamento conceda:,Un sobreseimiento provisional.,Un sobreseimiento definitivo.,Un suplicatorio.,Un auto de extradición.,C,Preguntas de Examenes Agente - Tema 3
TOPIC,3,Tema 3,157,157,De acuerdo con lo establecido en el artículo 68 de la Constitución Española:,El Congreso se compone de un mínimo de 200 y un máximo de 300 Diputados.,La circunscripción electoral es la Comunidad Autónoma.,Las elecciones tendrán lugar entre los treinta días y cuarenta días desde la terminación del mandato.,El Congreso electo deberá ser convocado dentro de los veinticinco días siguientes a la celebración de las elecciones.,D,Preguntas de Examenes Agente - Tema 3
TOPIC,3,Tema 3,158,158,"Las leyes ordinarias, pueden ser aprobadas por las Comisiones Legislativas de las Cámaras:",No.,"Si, en todo caso.","Sí, salvo en determinados casos contemplados en la Constitución.","Sólo cuando así lo autorice el Congreso de los Diputados, por mayoría absoluta.",C,Preguntas de Examenes Agente - Tema 3
TOPIC,3,Tema 3,159,159,El artículo 2 del Reglamento del Congreso de los Diputados regula que la sesión constitutiva será presidida inicialmente por:,"El Diputado electo, asistido, por el secretario en funciones.","El Diputado electo de mayor edad de los presentes, asistido, en calidad de Secretario, por el más joven.","El Diputado electo de mayor edad de los presentes, asistido, en calidad de Secretarios, por los dos más jóvenes.",El Presidente del Congreso de Diputados en funciones.,C,Preguntas de Examenes Agente - Tema 3
TOPIC,3,Tema 3,160,160,"Según nuestra Constitución, nadie podrá:",Acumular el acta de una Asamblea de Comunidad Autónoma con la de Senador.,Acumular el acta de una Asamblea de Comunidad Autónoma con la de Diputado o Senador.,Acumular el acta de una Asamblea de Comunidad Autónoma con la de Diputado al Congreso.,Todas las respuestas anteriores son incorrectas.,C,Preguntas de Examenes Agente - Tema 3
TOPIC,3,Tema 3,161,161,Qué prerrogativa de naturaleza formal protege la libertad personal de los diputados electos contra detenciones y procesos judiciales que puedan desembocar en privación de libertad:,La inviolabilidad.,La incompatibilidad.,La inmunidad.,La autonomía.,C,Preguntas de Examenes Agente - Tema 3
TOPIC,3,Tema 3,162,162,El Defensor del Pueblo mantiene relación directa con el Congreso de los Diputados a través de:,La Mesa del Congreso.,Los grupos políticos.,El Presidente del Congreso.,El Presidente del Gobierno.,C,Preguntas de Examenes Agente - Tema 3
TOPIC,3,Tema 3,163,163,EI número de Diputados que componen el Congreso se determina de forma concreta:,En el Reglamento del Congreso de Diputados.,En el artículo 68 de la Constitución.,En el Reglamento de las Cortes Generales.,En la Ley Orgánica del Régimen Electoral General.,D,Preguntas de Examenes Agente - Tema 3
TOPIC,3,Tema 3,164,164,"El Tribunal Constitucional ha elaborado un concepto material de ley orgánica, por el cual se desecha uno de los presupuestos que se relacionan a continuación:",La mayoría absoluta equivaldrá al concepto de Ley Orgánica.,Toda Ley Orgánica regulará derechos fundamentales.,Toda Ley Orgánica regulará libertades públicas.,Toda Ley Orgánica regulará el régimen electoral general.,A,Preguntas de Examenes Agente - Tema 3
TOPIC,3,Tema 3,165,165,"De acuerdo con la CE, en cada Cámara habrá una Diputación Permanente compuesta por:",Un mínimo de 21 miembros.,21 miembros.,"21 miembros, como máximo.",23 miembros.,A,Preguntas de Examenes Agente - Tema 3
